-- MySQL dump 10.13  Distrib 5.5.31, for debian-linux-gnu (x86_64)
--
-- Host: localhost    Database: jamliner
-- ------------------------------------------------------
-- Server version	5.5.31-0ubuntu0.13.04.1

/*!40101 SET @OLD_CHARACTER_SET_CLIENT=@@CHARACTER_SET_CLIENT */;
/*!40101 SET @OLD_CHARACTER_SET_RESULTS=@@CHARACTER_SET_RESULTS */;
/*!40101 SET @OLD_COLLATION_CONNECTION=@@COLLATION_CONNECTION */;
/*!40101 SET NAMES utf8 */;
/*!40103 SET @OLD_TIME_ZONE=@@TIME_ZONE */;
/*!40103 SET TIME_ZONE='+00:00' */;
/*!40014 SET @OLD_UNIQUE_CHECKS=@@UNIQUE_CHECKS, UNIQUE_CHECKS=0 */;
/*!40014 SET @OLD_FOREIGN_KEY_CHECKS=@@FOREIGN_KEY_CHECKS, FOREIGN_KEY_CHECKS=0 */;
/*!40101 SET @OLD_SQL_MODE=@@SQL_MODE, SQL_MODE='NO_AUTO_VALUE_ON_ZERO' */;
/*!40111 SET @OLD_SQL_NOTES=@@SQL_NOTES, SQL_NOTES=0 */;

--
-- Table structure for table `AuthAssignment`
--

DROP TABLE IF EXISTS `AuthAssignment`;
/*!40101 SET @saved_cs_client     = @@character_set_client */;
/*!40101 SET character_set_client = utf8 */;
CREATE TABLE `AuthAssignment` (
  `itemname` varchar(64) NOT NULL,
  `userid` varchar(64) NOT NULL,
  `bizrule` text,
  `data` text,
  PRIMARY KEY (`itemname`,`userid`),
  CONSTRAINT `AuthAssignment_ibfk_1` FOREIGN KEY (`itemname`) REFERENCES `AuthItem` (`name`) ON DELETE CASCADE ON UPDATE CASCADE
) ENGINE=InnoDB DEFAULT CHARSET=latin1;
/*!40101 SET character_set_client = @saved_cs_client */;

--
-- Dumping data for table `AuthAssignment`
--

LOCK TABLES `AuthAssignment` WRITE;
/*!40000 ALTER TABLE `AuthAssignment` DISABLE KEYS */;
INSERT INTO `AuthAssignment` VALUES ('Admin','4',NULL,'N;'),('Administrator','1',NULL,'N;'),('Teller','2',NULL,'N;'),('Teller','3',NULL,'N;');
/*!40000 ALTER TABLE `AuthAssignment` ENABLE KEYS */;
UNLOCK TABLES;

--
-- Table structure for table `AuthItem`
--

DROP TABLE IF EXISTS `AuthItem`;
/*!40101 SET @saved_cs_client     = @@character_set_client */;
/*!40101 SET character_set_client = utf8 */;
CREATE TABLE `AuthItem` (
  `name` varchar(64) NOT NULL,
  `type` int(11) NOT NULL,
  `description` text,
  `bizrule` text,
  `data` text,
  PRIMARY KEY (`name`)
) ENGINE=InnoDB DEFAULT CHARSET=latin1;
/*!40101 SET character_set_client = @saved_cs_client */;

--
-- Dumping data for table `AuthItem`
--

LOCK TABLES `AuthItem` WRITE;
/*!40000 ALTER TABLE `AuthItem` DISABLE KEYS */;
INSERT INTO `AuthItem` VALUES ('Admin',2,NULL,NULL,'N;'),('Administrator',2,'Administrator',NULL,'N;'),('Authenticated',2,NULL,NULL,'N;'),('BarcodeGenerator.*',1,NULL,NULL,'N;'),('Buses.*',1,NULL,NULL,'N;'),('Conductor',2,'Conductor',NULL,'N;'),('Drivers.*',1,NULL,NULL,'N;'),('Guest',2,NULL,NULL,'N;'),('Jammers.*',1,NULL,NULL,'N;'),('Location.*',1,NULL,NULL,'N;'),('PassengerTypes.*',1,NULL,NULL,'N;'),('Reports.*',1,NULL,NULL,'N;'),('Reports.AveragePassengerCount',0,NULL,NULL,'N;'),('Reports.DailyRevenueReport',0,NULL,NULL,'N;'),('Reports.PassengerCount',0,NULL,NULL,'N;'),('Reports.TellersReport',0,NULL,NULL,'N;'),('Reports.TellersRevenue',0,NULL,NULL,'N;'),('Reports.TripOperationReport',0,NULL,NULL,'N;'),('Route.Default.*',1,NULL,NULL,'N;'),('Routes.*',1,NULL,NULL,'N;'),('Schedules.*',1,NULL,NULL,'N;'),('Schedules.Admin',0,NULL,NULL,'N;'),('Schedules.Close',0,NULL,NULL,'N;'),('Schedules.Create',0,NULL,NULL,'N;'),('Schedules.Delete',0,NULL,NULL,'N;'),('Schedules.Index',0,NULL,NULL,'N;'),('Schedules.Update',0,NULL,NULL,'N;'),('Schedules.View',0,NULL,NULL,'N;'),('Site.*',1,NULL,NULL,'N;'),('Teller',2,'Teller',NULL,'N;'),('Tickets.*',1,NULL,NULL,'N;'),('Tickets.Admin',0,NULL,NULL,'N;'),('Tickets.BusAssignment',0,NULL,NULL,'N;'),('Tickets.Buy',0,NULL,NULL,'N;'),('Tickets.Delete',0,NULL,NULL,'N;'),('Tickets.Index',0,NULL,NULL,'N;'),('Tickets.Sell',0,NULL,NULL,'N;'),('Tickets.TicketReport',0,NULL,NULL,'N;'),('Tickets.Update',0,NULL,NULL,'N;'),('Tickets.View',0,NULL,NULL,'N;'),('User.Activation.*',1,NULL,NULL,'N;'),('User.Admin.*',1,NULL,NULL,'N;'),('User.Default.*',1,NULL,NULL,'N;'),('User.Login.*',1,NULL,NULL,'N;'),('User.Logout.*',1,NULL,NULL,'N;'),('User.Profile.*',1,NULL,NULL,'N;'),('User.ProfileField.*',1,NULL,NULL,'N;'),('User.Recovery.*',1,NULL,NULL,'N;'),('User.Registration.*',1,NULL,NULL,'N;'),('User.User.*',1,NULL,NULL,'N;');
/*!40000 ALTER TABLE `AuthItem` ENABLE KEYS */;
UNLOCK TABLES;

--
-- Table structure for table `AuthItemChild`
--

DROP TABLE IF EXISTS `AuthItemChild`;
/*!40101 SET @saved_cs_client     = @@character_set_client */;
/*!40101 SET character_set_client = utf8 */;
CREATE TABLE `AuthItemChild` (
  `parent` varchar(64) NOT NULL,
  `child` varchar(64) NOT NULL,
  PRIMARY KEY (`parent`,`child`),
  KEY `child` (`child`),
  CONSTRAINT `AuthItemChild_ibfk_1` FOREIGN KEY (`parent`) REFERENCES `AuthItem` (`name`) ON DELETE CASCADE ON UPDATE CASCADE,
  CONSTRAINT `AuthItemChild_ibfk_2` FOREIGN KEY (`child`) REFERENCES `AuthItem` (`name`) ON DELETE CASCADE ON UPDATE CASCADE
) ENGINE=InnoDB DEFAULT CHARSET=latin1;
/*!40101 SET character_set_client = @saved_cs_client */;

--
-- Dumping data for table `AuthItemChild`
--

LOCK TABLES `AuthItemChild` WRITE;
/*!40000 ALTER TABLE `AuthItemChild` DISABLE KEYS */;
INSERT INTO `AuthItemChild` VALUES ('Teller','Reports.TellersRevenue'),('Teller','Schedules.Close'),('Conductor','Site.*'),('Teller','Site.*'),('Conductor','Tickets.BusAssignment'),('Teller','Tickets.Buy'),('Teller','Tickets.Sell');
/*!40000 ALTER TABLE `AuthItemChild` ENABLE KEYS */;
UNLOCK TABLES;

--
-- Table structure for table `Rights`
--

DROP TABLE IF EXISTS `Rights`;
/*!40101 SET @saved_cs_client     = @@character_set_client */;
/*!40101 SET character_set_client = utf8 */;
CREATE TABLE `Rights` (
  `itemname` varchar(64) NOT NULL,
  `type` int(11) NOT NULL,
  `weight` int(11) NOT NULL,
  PRIMARY KEY (`itemname`),
  CONSTRAINT `Rights_ibfk_1` FOREIGN KEY (`itemname`) REFERENCES `AuthItem` (`name`) ON DELETE CASCADE ON UPDATE CASCADE
) ENGINE=InnoDB DEFAULT CHARSET=latin1;
/*!40101 SET character_set_client = @saved_cs_client */;

--
-- Dumping data for table `Rights`
--

LOCK TABLES `Rights` WRITE;
/*!40000 ALTER TABLE `Rights` DISABLE KEYS */;
/*!40000 ALTER TABLE `Rights` ENABLE KEYS */;
UNLOCK TABLES;

--
-- Table structure for table `buses`
--

DROP TABLE IF EXISTS `buses`;
/*!40101 SET @saved_cs_client     = @@character_set_client */;
/*!40101 SET character_set_client = utf8 */;
CREATE TABLE `buses` (
  `id` int(11) NOT NULL AUTO_INCREMENT,
  `name` varchar(255) NOT NULL,
  `seats` int(11) NOT NULL,
  `number` varchar(255) NOT NULL,
  `bus_info` text NOT NULL,
  PRIMARY KEY (`id`),
  UNIQUE KEY `number` (`number`),
  UNIQUE KEY `name` (`name`)
) ENGINE=InnoDB DEFAULT CHARSET=latin1;
/*!40101 SET character_set_client = @saved_cs_client */;

--
-- Dumping data for table `buses`
--

LOCK TABLES `buses` WRITE;
/*!40000 ALTER TABLE `buses` DISABLE KEYS */;
/*!40000 ALTER TABLE `buses` ENABLE KEYS */;
UNLOCK TABLES;

--
-- Table structure for table `counter`
--

DROP TABLE IF EXISTS `counter`;
/*!40101 SET @saved_cs_client     = @@character_set_client */;
/*!40101 SET character_set_client = utf8 */;
CREATE TABLE `counter` (
  `int` int(11) NOT NULL AUTO_INCREMENT,
  `name` varchar(255) NOT NULL,
  `value` int(11) NOT NULL DEFAULT '0',
  PRIMARY KEY (`int`)
) ENGINE=InnoDB AUTO_INCREMENT=2 DEFAULT CHARSET=latin1;
/*!40101 SET character_set_client = @saved_cs_client */;

--
-- Dumping data for table `counter`
--

LOCK TABLES `counter` WRITE;
/*!40000 ALTER TABLE `counter` DISABLE KEYS */;
INSERT INTO `counter` VALUES (1,'ticket',0);
/*!40000 ALTER TABLE `counter` ENABLE KEYS */;
UNLOCK TABLES;

--
-- Table structure for table `drivers`
--

DROP TABLE IF EXISTS `drivers`;
/*!40101 SET @saved_cs_client     = @@character_set_client */;
/*!40101 SET character_set_client = utf8 */;
CREATE TABLE `drivers` (
  `id` int(11) NOT NULL AUTO_INCREMENT,
  `name` varchar(255) NOT NULL,
  `contact_no` varchar(255) NOT NULL,
  PRIMARY KEY (`id`)
) ENGINE=InnoDB DEFAULT CHARSET=latin1;
/*!40101 SET character_set_client = @saved_cs_client */;

--
-- Dumping data for table `drivers`
--

LOCK TABLES `drivers` WRITE;
/*!40000 ALTER TABLE `drivers` DISABLE KEYS */;
/*!40000 ALTER TABLE `drivers` ENABLE KEYS */;
UNLOCK TABLES;

--
-- Table structure for table `jammers`
--

DROP TABLE IF EXISTS `jammers`;
/*!40101 SET @saved_cs_client     = @@character_set_client */;
/*!40101 SET character_set_client = utf8 */;
CREATE TABLE `jammers` (
  `id` int(11) NOT NULL AUTO_INCREMENT,
  `id_no` varchar(255) NOT NULL,
  `first_name` varchar(25) NOT NULL,
  `middle_name` varchar(25) NOT NULL,
  `last_name` varchar(25) NOT NULL,
  `extension_name` varchar(25) NOT NULL,
  `birthdate` date NOT NULL,
  `email_address` varchar(100) NOT NULL,
  `registered_date` date NOT NULL,
  `issuance_date` date NOT NULL,
  `validity_date` date NOT NULL,
  `id_picture` longblob NOT NULL,
  PRIMARY KEY (`id`),
  UNIQUE KEY `id_no` (`id_no`)
) ENGINE=InnoDB AUTO_INCREMENT=511 DEFAULT CHARSET=latin1;
/*!40101 SET character_set_client = @saved_cs_client */;

--
-- Dumping data for table `jammers`
--

LOCK TABLES `jammers` WRITE;
/*!40000 ALTER TABLE `jammers` DISABLE KEYS */;
INSERT INTO `jammers` VALUES (1,'02-0001','AGUSTINA','A.','SANCHEZ','','1984-08-28','','0000-00-00','0000-00-00','2016-06-03',''),(2,'02-0002','ANTONIO','O.','VILLAR','','1982-09-04','','0000-00-00','0000-00-00','2016-06-07',''),(3,'02-0003','LEONARD','O.','ENCINAREZ','','1973-01-16','','0000-00-00','0000-00-00','2016-06-07',''),(4,'02-0004','ROSALINA','M.','ALFORJA','','1959-05-31','','0000-00-00','0000-00-00','2016-06-07',''),(5,'02-0005','VIRGINIA','A.','LERO','','1967-05-08','','0000-00-00','0000-00-00','2016-06-07',''),(6,'02-0006','TOMAS','N.','AGNAS','JR.','1979-03-01','','0000-00-00','0000-00-00','2016-06-07',''),(7,'02-0007','LEA','P.','BUSTAMANTE','','1985-05-06','','0000-00-00','0000-00-00','2016-06-08',''),(8,'02-0008','INOCINIO','G.','BURAC','','1969-01-22','','0000-00-00','0000-00-00','2016-06-08',''),(9,'02-0009','ALBERTO','R.','CATALLA','','1963-04-15','','0000-00-00','0000-00-00','2016-06-08',''),(10,'02-0010','MARIO','M.','MONTOYA','','1972-10-17','','0000-00-00','0000-00-00','2016-06-08',''),(11,'02-0011','ROSARIO','S.','GONZALES','','1969-01-02','','0000-00-00','0000-00-00','2016-06-14',''),(12,'02-0012','DANILO','P.','ESCALA','','1958-08-07','','0000-00-00','0000-00-00','2016-06-14',''),(13,'02-0013','ELMER','C.','CARIDO','','1980-06-14','','0000-00-00','0000-00-00','2016-06-14',''),(14,'02-0014','HERALD','C.','CUNANAN','','1985-10-21','','0000-00-00','0000-00-00','2016-06-14',''),(15,'02-0015','LEE','O.','MACUNAN','','1984-02-13','','0000-00-00','0000-00-00','2016-06-14',''),(16,'02-0016','RAIZA','C.','MUSTAPHA','','1987-07-25','','0000-00-00','0000-00-00','2016-06-14',''),(17,'02-0017','ELEANOR','L.','BENDAÑA','','1955-11-28','','0000-00-00','0000-00-00','2016-06-14',''),(18,'02-0018','CHRISTINE','A.','MADJOS','','1994-08-21','','0000-00-00','0000-00-00','2016-06-14',''),(19,'02-0019','MANUEL','A.','CARPIO','JR.','1976-05-08','','0000-00-00','0000-00-00','2016-06-14',''),(20,'02-0020','DOMINADOR','J.','TAGARINO','','1972-11-22','','0000-00-00','0000-00-00','2016-06-14',''),(21,'02-0021','ERLINDA','P.','PETALLAR','','1989-04-05','','0000-00-00','0000-00-00','2016-06-14',''),(22,'02-0022','MA. ELENITA','G.','DE CASTRO','','1974-06-19','','0000-00-00','0000-00-00','2016-06-14',''),(23,'02-0023','JERRY','P.','MANDAP','','1973-03-22','','0000-00-00','0000-00-00','2016-06-14',''),(24,'02-0024','CLARK NEIL','E','APUNTAR','','1981-06-27','','0000-00-00','0000-00-00','2016-06-14',''),(25,'02-0025','CRISTINE','P.','VILLEGAS','','1991-04-09','','0000-00-00','0000-00-00','2016-06-14',''),(26,'02-0026','RENEEROY','G.','CAGUILLA','','1980-09-18','','0000-00-00','0000-00-00','2016-06-14',''),(27,'02-0027','LINDA ANA MARIE','C.','ORPILLA','','1972-09-01','','0000-00-00','0000-00-00','2016-06-14',''),(28,'02-0028','CHRISTOPHER','T.','SALVA','','1988-04-02','','0000-00-00','0000-00-00','2016-06-15',''),(29,'02-0029','DOMIE','L.','PAIS','','1993-07-04','','0000-00-00','0000-00-00','2016-06-15',''),(30,'02-0030','DORIE','S.','CAMANCHO','','1991-07-07','','0000-00-00','0000-00-00','2016-06-15',''),(31,'02-0031','MONICA','G.','DAM-ALAN','','1987-02-27','','0000-00-00','0000-00-00','2016-06-15',''),(32,'02-0032','YOLANDA','P.','MANRIQUE','','1965-07-15','','0000-00-00','0000-00-00','2016-06-15',''),(33,'02-0033','JANET','A.','ABANTE','','1972-06-23','','0000-00-00','0000-00-00','2016-06-15',''),(34,'02-0034','ALEXANDER','C.','HAPE','','1966-04-07','','0000-00-00','0000-00-00','2016-06-21',''),(35,'02-0035','PACITA','B.','VILLACARLOS','','1959-10-17','','0000-00-00','0000-00-00','2016-06-21',''),(36,'02-0036','BABYROSE','M.','VILLAFRANCA','','1982-09-11','','0000-00-00','0000-00-00','2016-06-21',''),(37,'02-0037','OLIVER','P.','CHAN','','1980-03-08','','0000-00-00','0000-00-00','2016-06-21',''),(38,'02-0038','ENRIQUETA','L.','RIVERA','','1942-07-15','','0000-00-00','0000-00-00','2016-06-21',''),(39,'02-0039','AGNES','C.','ENRIQUEZ','','1963-01-21','','0000-00-00','0000-00-00','2016-06-21',''),(40,'02-0040','SOCORRO','B.','ASINAS','','1961-05-29','','0000-00-00','0000-00-00','2016-06-21',''),(41,'02-0041','JOSE','S.','MATULAC','','1960-03-10','','0000-00-00','0000-00-00','2016-06-21',''),(42,'02-0042','NOEL','M.','GERMANO','','1965-08-18','','0000-00-00','0000-00-00','2016-06-21',''),(43,'02-0043','MELODY','S.','DE LEON','','1966-07-12','','0000-00-00','0000-00-00','2016-06-21',''),(44,'02-0044','DIVINA','M.','DELOS REYES','','1983-05-04','','0000-00-00','0000-00-00','2016-06-21',''),(45,'02-0045','JULIETH','S.','ALARCON','','1964-12-19','','0000-00-00','0000-00-00','2016-06-21',''),(46,'02-0046','BENJIE','S.','ALARCON','','1990-01-30','','0000-00-00','0000-00-00','2016-06-21',''),(47,'02-0047','JANICE','C.','DE LEON','','1980-12-27','','0000-00-00','0000-00-00','2016-06-22',''),(48,'02-0048','GILBERT','M.','CUEVAS','','1963-09-23','','0000-00-00','0000-00-00','2016-06-25',''),(49,'02-0049','MYLINE','A.','RABU','','1977-03-01','','0000-00-00','0000-00-00','2016-06-28',''),(50,'02-0050','ANTONIA','I.','ABENILLA','','1958-05-10','','0000-00-00','0000-00-00','2016-06-28',''),(51,'02-0051','ELMER','G.','ABENILLA','','1958-11-24','','0000-00-00','0000-00-00','2016-06-28',''),(52,'02-0052','ADORACION','A.','MANRIQUE','','1957-05-20','','0000-00-00','0000-00-00','2016-06-28',''),(53,'02-0053','LUVY','P.','VALERIO','','1963-11-18','','0000-00-00','0000-00-00','2016-06-28',''),(54,'02-0054','MA. THERESA','G.','MENDOZA','','1970-05-29','','0000-00-00','0000-00-00','2016-06-28',''),(55,'02-0055','VICTORY','A.','TAGUINAY','','1977-06-05','','0000-00-00','0000-00-00','2016-06-28',''),(56,'02-0056','ERLINDA','E.','DETICIO','','1957-09-06','','0000-00-00','0000-00-00','2016-06-28',''),(57,'02-0057','AILYN','O.','CALAOAGAN','','1980-06-12','','0000-00-00','0000-00-00','2016-06-28',''),(58,'02-0058','OSCAR','I.','TONGSON','','1984-07-11','','0000-00-00','0000-00-00','2016-06-28',''),(59,'02-0059','JIMMY','B.','MELGAR','','1976-04-26','','0000-00-00','0000-00-00','2016-06-28',''),(60,'02-0060','PAOLO','D.','RENIVA','','1971-07-17','','0000-00-00','0000-00-00','2016-06-28',''),(61,'02-0061','PAULA MELDEN','H.','YANUARIO','','1992-01-21','','0000-00-00','0000-00-00','2016-06-29',''),(62,'02-0062','MARIA NUEVA','A.','VILLASANTA','','1985-08-31','','0000-00-00','0000-00-00','2016-06-29',''),(63,'02-0063','CORAZON','N.','HUGO','','1964-02-08','','0000-00-00','0000-00-00','2016-06-29',''),(64,'02-0064','HELBERT','B.','RIVERA','','1991-02-28','','0000-00-00','0000-00-00','2016-06-29',''),(65,'02-0065','ANN','MAGDALINE','MUEGO','','1981-08-24','','0000-00-00','0000-00-00','2016-06-29',''),(66,'02-0066','ALVEN','','DARIA','','1977-08-10','','0000-00-00','0000-00-00','2016-06-29',''),(67,'02-0067','CRISANTO','J.','GABIANA','','1990-08-30','','0000-00-00','0000-00-00','2016-06-29',''),(68,'02-0068','JEFFREY','ANDRADA','','','1990-10-28','','0000-00-00','0000-00-00','2016-06-29',''),(69,'02-0069','JONALYN','G.','LAWAG','','1990-07-20','','0000-00-00','0000-00-00','2016-06-29',''),(70,'02-0070','DINA','G.','LAWAG','','1993-11-05','','0000-00-00','0000-00-00','2016-06-29',''),(71,'02-0071','LEVYNHER','R.','RIVAD','','1984-11-25','','0000-00-00','0000-00-00','2016-06-29',''),(72,'02-0072','RACHEL','B.','MEMPIN','','1986-11-17','','0000-00-00','0000-00-00','2016-06-29',''),(73,'02-0073','ALANE','M.','ZARAGOZA','','1973-06-15','','0000-00-00','0000-00-00','2016-06-29',''),(74,'02-0074','JEFFREY','I.','DELICA','','1990-06-29','','0000-00-00','0000-00-00','2016-06-29',''),(75,'02-0075','JORGE','E.','BAYOG','','1959-12-03','','0000-00-00','0000-00-00','2016-06-29',''),(76,'02-0076','KIM','S.','MORENO','','1968-07-12','','0000-00-00','0000-00-00','2016-06-29',''),(77,'02-0077','ANGELA RANCE','M.','PALOMERA','','1988-02-19','','0000-00-00','0000-00-00','2016-06-29',''),(78,'02-0078','ARMANDO','D.','CASTRO','','1975-08-15','','0000-00-00','0000-00-00','2016-06-29',''),(79,'02-0079','MARICEL','D.','PEREZ','','1990-03-20','','0000-00-00','0000-00-00','2016-07-05',''),(80,'02-0080','MARY LOU','P.','SOMERA','','1995-02-21','','0000-00-00','0000-00-00','2016-07-05',''),(81,'02-0081','MARISSA','A.','ARENAS','','1972-08-11','','0000-00-00','0000-00-00','2016-07-05',''),(82,'02-0082','RAINA CARLIN','M.','LAZA','','1995-10-14','','0000-00-00','0000-00-00','2016-07-05',''),(83,'02-0083','JEANINE CLOIE','R.','BALOMIT','','1996-01-31','','0000-00-00','0000-00-00','2016-07-05',''),(84,'02-0084','JENNIFER','T.','MINA','','1981-12-10','','0000-00-00','0000-00-00','2016-07-05',''),(85,'02-0085','EMELITA','M.','LARO','','1951-05-28','','0000-00-00','0000-00-00','2016-07-05',''),(86,'02-0086','MARLYN','S.','SALVADOR','','1972-04-22','','0000-00-00','0000-00-00','2016-07-05',''),(87,'02-0087','JEFFREY','S.','MANOY','','1990-11-03','','0000-00-00','0000-00-00','2016-07-05',''),(88,'02-0088','CHRISTINA','N.','VILLA','','1972-03-31','','0000-00-00','0000-00-00','2016-07-05',''),(89,'02-0089','ELMA','S.','JOSEF','','1964-10-24','','0000-00-00','0000-00-00','2016-07-05',''),(90,'02-0090','METHUSELA','S.','PINTADO','','1977-04-05','','0000-00-00','0000-00-00','2016-07-05',''),(91,'02-0091','RANSEY','S.','CATARAN','','1982-10-28','','0000-00-00','0000-00-00','2016-07-05',''),(92,'02-0092','CORAZON','B.','PASIA','','1986-10-28','','0000-00-00','0000-00-00','2016-07-05',''),(93,'02-0093','ROBERT','B.','LIM','','1955-06-01','','0000-00-00','0000-00-00','2016-07-05',''),(94,'02-0094','CLARISSA','T.','AQUINO','','1966-12-28','','0000-00-00','0000-00-00','2016-07-05',''),(95,'02-0095','IRENE','A.','LAGERA','','1975-11-26','','0000-00-00','0000-00-00','2016-07-05',''),(96,'02-0096','MARCHEL','D.','PANGILINAN','','1959-12-28','','0000-00-00','0000-00-00','2016-07-06',''),(97,'02-0097','JOCELYN','A.','BARRIOS','','1978-05-03','','0000-00-00','0000-00-00','2016-07-06',''),(98,'02-0098','LORNA','C.','DEPIÑA','','1981-11-21','','0000-00-00','0000-00-00','2016-07-06',''),(99,'02-0099','REMIGIO','B.','TAMAYO','JR.','1959-12-10','','0000-00-00','0000-00-00','2016-07-06',''),(100,'02-0100','NIEL ALDWIN','P.','AMPODIA','','1974-08-01','','0000-00-00','0000-00-00','2016-07-06',''),(101,'02-0101','CHRISTOPHER','H.','CALAGUE','','1979-11-10','','0000-00-00','0000-00-00','2016-07-06',''),(102,'02-0102','ESTER','M.','MAUNAHAN','','1958-11-21','','0000-00-00','0000-00-00','2016-07-06',''),(103,'02-0103','CRISTINA','M.','ELONA','','1973-07-03','','0000-00-00','0000-00-00','2016-07-06',''),(104,'02-0104','ELISA','M.','PATINDOL','','1975-05-02','','0000-00-00','0000-00-00','2016-07-06',''),(105,'02-0105','CRISTINA','C.','TORIO','','1989-09-21','','0000-00-00','0000-00-00','2016-07-06',''),(106,'02-0106','REMY','A.','ASTRAQUILLO','','1928-11-23','','0000-00-00','0000-00-00','2016-07-12',''),(107,'02-0107','ROMWEL','D.','TAN','','1985-08-24','','0000-00-00','0000-00-00','2016-07-12',''),(108,'02-0108','ALEX','B.','MANGABAT','','1980-04-30','','0000-00-00','0000-00-00','2016-07-12',''),(109,'02-0109','LUCHIE','P.','MONTESINES','','1960-08-09','','0000-00-00','0000-00-00','2016-07-12',''),(110,'02-0110','LORETTA','P.','VENTURA','','1967-06-08','','0000-00-00','0000-00-00','2016-07-12',''),(111,'02-0111','EDGAR','D.','VALERIO','JR.','1962-05-02','','0000-00-00','0000-00-00','2016-07-12',''),(112,'02-0112','FLORA','R.','PUA','','1963-07-29','','0000-00-00','0000-00-00','2016-07-12',''),(113,'02-0113','THELMA','P.','MANLUTAC','','1976-12-30','','0000-00-00','0000-00-00','2016-07-12',''),(114,'02-0114','IRENEO','C.','BELEN','','1974-03-29','','0000-00-00','0000-00-00','2016-07-12',''),(115,'02-0117','ZENAIDA','P.','LOPEZ','','1962-01-18','','0000-00-00','0000-00-00','2016-07-12',''),(116,'02-0118','REINA','N.','REFORSADO','','1986-01-27','','0000-00-00','0000-00-00','2016-07-12',''),(117,'02-0119','ERWEL','A.','LOPEZ','','1965-08-27','','0000-00-00','0000-00-00','2016-07-12',''),(118,'02-0121','DONALD','S.','DIMAILIG','','1996-04-16','','0000-00-00','0000-00-00','2016-07-12',''),(119,'02-0122','LOUELLA GRACE','L.','ROCES','','1962-01-22','','0000-00-00','0000-00-00','2016-07-12',''),(120,'02-0123','ROMY','T.','ARESGADO','','1981-05-21','','0000-00-00','0000-00-00','2016-07-12',''),(121,'LOST CARD','','','','','1965-03-08','','0000-00-00','0000-00-00','2016-07-12',''),(122,'02-0125','DEOGRACIAS','','SARMIENTO','','1990-03-16','','0000-00-00','0000-00-00','2016-07-12',''),(123,'02-0126','ROWENA','D.','STA. RITA','','1969-11-06','','0000-00-00','0000-00-00','2016-07-12',''),(124,'02-0127','JEFFER','H.','PENTINIO','','1975-07-01','','0000-00-00','0000-00-00','2016-07-12',''),(125,'02-0128','JOSYLIN','G.','AUSTRIA','','1978-04-29','','0000-00-00','0000-00-00','2016-07-12',''),(126,'02-0129','MELITA','B.','LAÑO','','1962-03-15','','0000-00-00','0000-00-00','2016-07-12',''),(127,'02-0130','RICO','R.','VOLANTE','','1969-10-03','','0000-00-00','0000-00-00','2016-07-12',''),(128,'02-0131','ANGEL','M.','PARADERO','JR.','1964-03-05','','0000-00-00','0000-00-00','2016-07-12',''),(129,'02-0132','JOHN BENEDICT','M.','MORTEL','','1991-08-14','','0000-00-00','0000-00-00','2016-07-12',''),(130,'02-0133','MARIETTA','J.','ARTOZA','','1962-02-15','','0000-00-00','0000-00-00','2016-07-12',''),(131,'02-0134','CARMELA','E.','CRUZ','','1970-01-01','','0000-00-00','0000-00-00','2016-07-12',''),(132,'02-0135','LEONORA','C.','TEMPORAL','','1957-04-03','','0000-00-00','0000-00-00','2016-07-12',''),(133,'02-0136','KATHLEEN GRACE','S.','MAGBOO','','1989-06-26','','0000-00-00','0000-00-00','2016-07-12',''),(134,'02-0137','LORENA','B.','AMOR','','1973-05-05','','0000-00-00','0000-00-00','2016-07-12',''),(135,'02-0138','EDITHA','T.','MONSERATE','','1968-03-03','','0000-00-00','0000-00-00','2016-07-12',''),(136,'02-0139','VIOLETA','G.','CAUTIVAR','','1953-11-15','','0000-00-00','0000-00-00','2016-07-13',''),(137,'02-0140','LEO','P.','DIAZ','','1967-10-18','','0000-00-00','0000-00-00','2016-07-13',''),(138,'02-0141','ARA MAY','F.','BENEDICTO','','1983-05-10','','0000-00-00','0000-00-00','2016-07-13',''),(139,'02-0142','JOEFRIE','F.','FAMERONAG','','1965-02-27','','0000-00-00','0000-00-00','2016-07-13',''),(140,'02-0143','FERDINAND','S.','PINEDA','','1979-03-24','','0000-00-00','0000-00-00','2016-07-13',''),(141,'02-0144','DERELYN','M.','SAPORNA','','1994-07-20','','0000-00-00','0000-00-00','2016-07-13',''),(142,'02-0145','ARTHUR','M.','MARAMAG','','1976-01-11','','0000-00-00','0000-00-00','2016-07-13',''),(143,'02-0146','ROLANDO','T.','APUADA','','1946-04-02','','0000-00-00','0000-00-00','2016-07-19',''),(144,'02-0147','JESUS','A.','TRINIDAD','','1965-01-17','','0000-00-00','0000-00-00','2016-07-19',''),(145,'02-0148','CRISTINA','P.','FERRER','','1957-09-22','','0000-00-00','0000-00-00','2016-07-19',''),(146,'02-0149','ELAINE','Y.','LUJERO','','1987-04-01','','0000-00-00','0000-00-00','2016-07-19',''),(147,'02-0150','ELIZABETH','E.','GAVILAGUIN','','1963-04-15','','0000-00-00','0000-00-00','2016-07-19',''),(148,'02-0151','ANESIA','P.','GUIEB','','1960-08-07','','0000-00-00','0000-00-00','2016-07-19',''),(149,'02-0152','JOEL','T.','DABIN','','1977-06-23','','0000-00-00','0000-00-00','2016-07-19',''),(150,'02-0153','JENNISON','C.','RONQUILLO','','1978-08-08','','0000-00-00','0000-00-00','2016-07-19',''),(151,'02-0154','MARIETTA','L.','LACBAY','','1956-10-01','','0000-00-00','0000-00-00','2016-07-19',''),(152,'02-0155','RUBEN','D.','CANLAS','','1967-09-02','','0000-00-00','0000-00-00','2016-07-19',''),(153,'02-0156','FLOR','E.','BALLADO','','1980-04-30','','0000-00-00','0000-00-00','2016-07-19',''),(154,'02-0157','FLORENTINA','E.','BATO','','1977-02-27','','0000-00-00','0000-00-00','2016-07-19',''),(155,'02-0158','CHARITO','Y.','VERGARA','','1980-04-12','','0000-00-00','0000-00-00','2016-07-19',''),(156,'02-0159','ROSALYN','B.','TORRES','','1981-07-26','','0000-00-00','0000-00-00','2016-07-19',''),(157,'02-0160','MELITA','L.','BARTOLOME','','1990-08-16','','0000-00-00','0000-00-00','2016-07-19',''),(158,'02-0161','MARC VINCENT','F.','CORTEZ','','1995-09-01','','0000-00-00','0000-00-00','2016-07-19',''),(159,'02-0162','GLENDA','E.','BRAGA','','1986-04-29','','0000-00-00','0000-00-00','2016-07-19',''),(160,'02-0163','WILLY','R.','POLANCOS','','1980-05-28','','0000-00-00','0000-00-00','2016-07-19',''),(161,'02-0164','MARIFE','R.','FAUSTO','','1961-09-03','','0000-00-00','0000-00-00','2016-07-19',''),(162,'02-0165','ELIZABETH','S.','TOPACIO','','1960-06-07','','0000-00-00','0000-00-00','2016-07-19',''),(163,'02-0166','BANJO','S.','CUIZON','','1968-12-12','','0000-00-00','0000-00-00','2016-07-19',''),(164,'02-0167','ASUNCION','P.','MANALO','','1969-08-22','','0000-00-00','0000-00-00','2016-07-19',''),(165,'02-0168','WILFREDO','C.','CABRERA','','1968-06-15','','0000-00-00','0000-00-00','2016-07-20',''),(166,'02-0169','ANALIZA','B.','TALABONG','','1967-03-28','','0000-00-00','0000-00-00','2016-07-20',''),(167,'02-0170','ALEJANDRO','J.','PAGKALIWANGGAN','','1963-05-03','','0000-00-00','0000-00-00','2016-07-20',''),(168,'02-0171','JASMINE','J.','ANCHETA','','1989-09-28','','0000-00-00','0000-00-00','2016-07-20',''),(169,'02-0172','EMMA','J.','ANCHETA','','1958-05-25','','0000-00-00','0000-00-00','2016-07-20',''),(170,'02-0173','RODOLFO','D.','PASCUAL','','1967-03-04','','0000-00-00','0000-00-00','2016-07-20',''),(171,'02-0174','MARY ANN','B.','TAPAO','','1989-11-09','','0000-00-00','0000-00-00','2016-07-20',''),(172,'02-0175','LUSIL','C.','LUNZAGA','','1965-03-26','','0000-00-00','0000-00-00','2016-07-20',''),(173,'02-0176','YOLANDA','A.','DELOS SANTOS','','1950-10-31','','0000-00-00','0000-00-00','2016-07-20',''),(174,'02-0177','AILEEN','M.','ALCANTARA','','1979-02-17','','0000-00-00','0000-00-00','2016-07-20',''),(175,'02-0178','JUANCHO','P.','CUARTO','','1970-05-16','','0000-00-00','0000-00-00','2016-07-20',''),(176,'02-0179','ANDY','N.','DIVINAGRACIA','','1985-07-07','','0000-00-00','0000-00-00','2016-07-20',''),(177,'02-0180','ANGELO','P.','CASTRO','','1992-07-08','','0000-00-00','0000-00-00','2016-07-20',''),(178,'02-0181','RICHEAL','A.','TACTACON','','1976-03-31','','0000-00-00','0000-00-00','2016-07-20',''),(179,'02-0182','LUZVIMINDA','M.','CLARIÑO','','1962-01-04','','0000-00-00','0000-00-00','2016-07-20',''),(180,'02-0184','FRISCO','N.','BARRIENTOS','JR.','1978-12-06','','0000-00-00','0000-00-00','2016-07-26',''),(181,'02-0185','REMMEL','B.','RECAMPO','','1968-07-12','','0000-00-00','0000-00-00','2016-07-26',''),(182,'02-0186','LIWANA','A.','ARENDAIN','','1977-06-03','','0000-00-00','0000-00-00','2016-07-26',''),(183,'02-0187','SUSAN CONSUELO','P.','VERAYON','','1988-09-04','','0000-00-00','0000-00-00','2016-07-26',''),(184,'02-0188','ESMAEL','','NAGA','','1972-01-10','','0000-00-00','0000-00-00','2016-07-26',''),(185,'02-0189','REYNOLD','R.','ENCALLADO','','1994-05-16','','0000-00-00','0000-00-00','2016-07-26',''),(186,'02-0190','LUISITO','L.','GAMARA','','1979-11-03','','0000-00-00','0000-00-00','2016-07-26',''),(187,'02-0191','LAILA','S.','DUZON','','1977-10-12','','0000-00-00','0000-00-00','2016-07-26',''),(188,'02-0192','LINCOLN','C.','VELASCO','','1954-04-22','','0000-00-00','0000-00-00','2016-07-26',''),(189,'02-0193','MERWIN','DE','CASTRO','','1996-08-09','','0000-00-00','0000-00-00','2016-07-26',''),(190,'02-0194','RAQUEL','V.','ANURAN','','1987-08-16','','0000-00-00','0000-00-00','2016-07-26',''),(191,'02-0195','HAKIM','A.','ABO','','1988-04-10','','0000-00-00','0000-00-00','2016-07-26',''),(192,'02-0196','SUSAN','C.','LATAM','','1965-03-17','','0000-00-00','0000-00-00','2016-07-26',''),(193,'02-0197','ANTHEA VICTORIA','V.','MABALOT','','1993-05-30','','0000-00-00','0000-00-00','2016-07-26',''),(194,'02-0198','YOLANDA','V.','DEQUIÑA','','1971-06-27','','0000-00-00','0000-00-00','2016-07-26',''),(195,'02-0199','LEAH','C.','ARBOL','','1979-06-06','','0000-00-00','0000-00-00','2016-07-26',''),(196,'02-0200','CRISANTO','G.','RIÑON','','1989-04-10','','0000-00-00','0000-00-00','2016-07-26',''),(197,'02-0201','VILMA','G.','VILLANUEVA','','1979-06-17','','0000-00-00','0000-00-00','2016-07-26',''),(198,'02-0202','CRISTINA','C.','DANGUE','','1976-03-07','','0000-00-00','0000-00-00','2016-07-26',''),(199,'02-0203','ARNOLD','M.','ABASOLA','','1969-05-25','','0000-00-00','0000-00-00','2016-07-26',''),(200,'02-0204','RODELINA','M.','DE VILLA','','1971-08-31','','0000-00-00','0000-00-00','2016-07-26',''),(201,'02-0205','REBECCA','A.','MALICDEM','','1973-02-16','','0000-00-00','0000-00-00','2016-07-26',''),(202,'02-0206','CRISTY CECILIA','P.','POLIDO','','1968-06-13','','0000-00-00','0000-00-00','2016-07-26',''),(203,'02-0207','AMERITO','F.','AMANDO','','1965-03-08','','0000-00-00','0000-00-00','2016-07-26',''),(204,'02-0208','JERWIN','T.','TIGUE','','1979-03-07','','0000-00-00','0000-00-00','2016-07-26',''),(205,'02-0209','RICHELLE','M.','CARIAGA','','1982-03-01','','0000-00-00','0000-00-00','2016-07-26',''),(206,'02-0210','RODEL','A.','BISNAR','','1979-07-31','','0000-00-00','0000-00-00','2016-07-26',''),(207,'02-0211','ISEL','F.','FAMORCAN','','1965-11-20','','0000-00-00','0000-00-00','2016-07-26',''),(208,'02-0212','ARIEL','J.','CORTEZ','','1965-10-09','','0000-00-00','0000-00-00','2016-07-26',''),(209,'02-0213','ROLDAN','O.','MANALO','','1983-11-13','','0000-00-00','0000-00-00','2016-07-26',''),(210,'02-0214','EDELSON','R.','EUGENIO','','1972-11-08','','0000-00-00','0000-00-00','2016-07-26',''),(211,'02-0215','MA. ELIZA','A.','EUGENIO','','1974-03-20','','0000-00-00','0000-00-00','2016-07-26',''),(212,'02-0216','LEONIDA','G.','ORTIZ','','1962-01-14','','0000-00-00','0000-00-00','2016-07-27',''),(213,'02-0217','EDUARDO','D.','MEOLLO I','','1966-11-09','','0000-00-00','0000-00-00','2016-07-27',''),(214,'02-0218','ANAFE','V.','HADAP','','1980-05-05','','0000-00-00','0000-00-00','2016-07-27',''),(215,'02-0219','EDUARDO','D.','PELLAZAR','','1959-05-27','','0000-00-00','0000-00-00','2016-07-27',''),(216,'02-0220','VERNICE','F.','SEPE','','1990-10-19','','0000-00-00','0000-00-00','2016-07-27',''),(217,'02-0221','EDUARDO','F.','BALTAZAR','','1966-10-13','','0000-00-00','0000-00-00','2016-07-27',''),(218,'02-0222','RALFH LEONARD','R.','FARAON','','1992-05-20','','0000-00-00','0000-00-00','2016-07-27',''),(219,'02-0223','KAREN','E.','CANALIJA','','1990-02-24','','0000-00-00','0000-00-00','2016-07-27',''),(220,'02-0224','EDEN','M.','CUEVAS','','1965-02-12','','0000-00-00','0000-00-00','2016-07-27',''),(221,'02-0225','ANGELITO','E.','VILLASPIN','','1978-02-21','','0000-00-00','0000-00-00','2016-07-27',''),(222,'02-0226','RICARDO','P.','ROSARIO','','1970-10-29','','0000-00-00','0000-00-00','2016-07-27',''),(223,'02-0227','CRISTINA','R.','BELEN','','1963-03-11','','0000-00-00','0000-00-00','2016-07-27',''),(224,'02-0228','JOSEPHINE','D.','DE SALES','','1962-11-05','','0000-00-00','0000-00-00','2016-07-27',''),(225,'02-0229','ANNABELLE','H.','BANZUELA','','1973-12-03','','0000-00-00','0000-00-00','2016-07-27',''),(226,'02-0230','ANGELITA','B.','CACANINDIN','','1958-09-29','','0000-00-00','0000-00-00','2016-08-02',''),(227,'02-0231','GERRY','D.','CAHILLO','','1980-02-18','','0000-00-00','0000-00-00','2016-08-02',''),(228,'02-0232','ALVIN','A.','BIGGAYAN','','1982-05-13','','0000-00-00','0000-00-00','2016-08-02',''),(229,'02-0233','ERWIN','T.','SALAZAR','','1972-08-05','','0000-00-00','0000-00-00','2016-08-02',''),(230,'02-0234','RUTH','S.','TOLENTINO','','1977-12-29','','0000-00-00','0000-00-00','2016-08-02',''),(231,'02-0235','GERRY','M.','VILLAGRACIA','','1981-01-07','','0000-00-00','0000-00-00','2016-08-02',''),(232,'02-0236','KRISTINE CAZELDA','R.','YSULAT','','1993-05-15','','0000-00-00','0000-00-00','2016-08-02',''),(233,'02-0237','JESUS','F.','CAYABYAB','','1961-01-17','','0000-00-00','0000-00-00','2016-08-02',''),(234,'02-0238','FEDERICO','M.','MAGBUHAT','','1962-04-27','','0000-00-00','0000-00-00','2016-08-02',''),(235,'02-0239','ZALDY','K.','NUNAG','','1980-09-01','','0000-00-00','0000-00-00','2016-08-02',''),(236,'02-0240','MINDA','M.','MORALES','','1988-12-09','','0000-00-00','0000-00-00','2016-08-02',''),(237,'02-0241','NENITA','P.','OLIVEROS','','1961-08-07','','0000-00-00','0000-00-00','2016-08-02',''),(238,'02-0242','MARIO','N.','SERVITA','','1972-06-20','','0000-00-00','0000-00-00','2016-08-02',''),(239,'02-0243','ERNESTO','V.','OBLEGO','JR.','1974-02-24','','0000-00-00','0000-00-00','2016-08-02',''),(240,'02-0244','JULIE','A.','VILLAR','','1982-06-28','','0000-00-00','0000-00-00','2016-08-02',''),(241,'02-0245','FRANCIS','DELA TORRE','GOLETA','','1987-09-19','','0000-00-00','0000-00-00','2016-08-02',''),(242,'02-0246','JONARD','V.','HANGSITANG','','1971-04-10','','0000-00-00','0000-00-00','2016-08-03',''),(243,'02-0247','LEOMAR','B.','DE GUZMAN','','1984-01-26','','0000-00-00','0000-00-00','2016-08-03',''),(244,'02-0248','NIKO EUGENE','T.','ORIBE','','1994-07-01','','0000-00-00','0000-00-00','2016-08-03',''),(245,'02-0249','MARLIE','T.','SINAHON','','1968-12-01','','0000-00-00','0000-00-00','2016-08-03',''),(246,'02-0250','JOEL','A.','TUBAY','','1977-08-17','','0000-00-00','0000-00-00','2016-08-03',''),(247,'02-0251','MARIO','F.','OCTAVIANO','','1969-03-02','','0000-00-00','0000-00-00','2016-08-03',''),(248,'02-0252','JOCELYN','M.','MANGUERRA','','1979-12-15','','0000-00-00','0000-00-00','2016-08-09',''),(249,'02-0253','HENRY','M.','SORIANO','','1970-08-29','','0000-00-00','0000-00-00','2016-08-09',''),(250,'02-0254','CARINA','P.','ABRENICA','','1978-11-07','','0000-00-00','0000-00-00','2016-08-09',''),(251,'02-0255','MA. SEVILLA','A.','BALLERA','','1985-10-15','','0000-00-00','0000-00-00','2016-08-09',''),(252,'02-0256','SAMUEL','F.','AQUINO','','1969-12-07','','0000-00-00','0000-00-00','2016-08-09',''),(253,'02-0257','ELSA','T.','PASIA','','1969-03-31','','0000-00-00','0000-00-00','2016-08-09',''),(254,'02-0258','GIL','P.','FAUTHO','','1982-11-01','','0000-00-00','0000-00-00','2016-08-09',''),(255,'02-0259','SANTI','G.','SANTILLAN','','1975-04-07','','0000-00-00','0000-00-00','2016-08-10',''),(256,'02-0260','AMERLYN','B.','BUSTOS','','1983-06-07','','0000-00-00','0000-00-00','2016-08-10',''),(257,'02-0261','RONALD','H.','ENALPE','','1979-08-18','','0000-00-00','0000-00-00','2016-08-10',''),(258,'02-0262','AILEEN','T.','BALMES','','1980-04-09','','0000-00-00','0000-00-00','2016-08-10',''),(259,'02-0263','ERIC','P.','SEBATIAN','','1974-03-02','','0000-00-00','0000-00-00','2016-08-10',''),(260,'02-0265','JANICE','B.','SORIANO','','1982-01-10','','0000-00-00','0000-00-00','2016-08-10',''),(261,'02-0266','GABRIEL NIKKY','T.','PERILLA','','1987-12-24','','0000-00-00','0000-00-00','2016-08-10',''),(262,'02-0267','HERMAN','C.','JOBLE','','1968-06-07','','0000-00-00','0000-00-00','2016-08-16',''),(263,'02-0268','GERRY','G.','MALATE','','1970-05-28','','0000-00-00','0000-00-00','2016-08-16',''),(264,'02-0269','ISAGANI','C.','LIBREA','','1955-12-06','','0000-00-00','0000-00-00','2016-08-16',''),(265,'02-0270','DIONISIO','B.','AGLIBOT','','1963-12-26','','0000-00-00','0000-00-00','2016-08-16',''),(266,'02-0271','ALEJANDRO','','DURANGO','','1976-08-20','','0000-00-00','0000-00-00','2016-08-16',''),(267,'02-0272','AARON CIELO','G.','TIPAN','','1997-03-06','','0000-00-00','0000-00-00','2016-08-16',''),(268,'02-0273','ADRIANE','B.','DE LEON','','1982-03-07','','0000-00-00','0000-00-00','2016-08-16',''),(269,'02-0274','LEONIDA','C.','CARANDANG','','1960-04-22','','0000-00-00','0000-00-00','2016-08-16',''),(270,'02-0275','FORTUNATA','L.','BACO','','1966-02-27','','0000-00-00','0000-00-00','2016-08-17',''),(271,'02-0276','JESUS','B.','MANGROBANG','','1970-10-25','','0000-00-00','0000-00-00','2016-08-17',''),(272,'02-0277','ARNEL','','AQUINO','','0000-00-00','','0000-00-00','0000-00-00','2016-08-17',''),(273,'02-0280','DENNIS','N.','MENDOZA','','1986-09-24','','0000-00-00','0000-00-00','2016-08-17',''),(274,'02-0281','ELMER','C.','PATANAO','','1971-12-24','','0000-00-00','0000-00-00','2016-08-17',''),(275,'02-0282','RICKY','B.','VARGAS','','1973-09-19','','0000-00-00','0000-00-00','2016-08-17',''),(276,'2013-00000205       ','JOSEPHINE','M','TAN','','1976-04-22','','0000-00-00','0000-00-00','2016-05-23',''),(277,'2013-00000317       ','MARC ANDREI','M','CACATIAN','','1992-06-21','','0000-00-00','0000-00-00','2016-05-23',''),(278,'2013-00000318       ','EUDIOSA','P','BARRACA','','1959-03-01','','0000-00-00','0000-00-00','2016-05-23',''),(279,'2013-00000319       ','JOANA MARIE','A','VERAN','','1991-06-02','','0000-00-00','0000-00-00','2016-05-23',''),(280,'2013-00000320       ','KRISHNA','C','MONTANEZ','','1989-04-12','','0000-00-00','0000-00-00','2016-05-23',''),(281,'2013-00000321       ','ARJAY','C','ALDAY','','1989-10-16','','0000-00-00','0000-00-00','2016-05-23',''),(282,'2013-00000322       ','LAURA','P','BAYONITO','','1974-04-17','','0000-00-00','0000-00-00','2016-05-23',''),(283,'2013-00000323       ','CAMILLE ANN MOREEN','V','MAGBUHOS','','1991-06-13','','0000-00-00','0000-00-00','2016-05-23',''),(284,'2013-00000324       ','JOSELITO','O','ROMASANTA','','1963-11-02','','0000-00-00','0000-00-00','2016-05-23',''),(285,'2013-00000326       ','EDNA','I','TAN','','1954-08-22','','0000-00-00','0000-00-00','2016-05-23',''),(286,'2013-00000327       ','PATRISHA','P','CLEMENTE','','1992-06-10','','0000-00-00','0000-00-00','2016-05-23',''),(287,'2013-00000328       ','MORRENA','P','PANTI','','1980-07-15','','0000-00-00','0000-00-00','2016-05-23',''),(288,'2013-00000329       ','MA. CHRISTA ANJELIKA','N','QUINTANA','','1993-08-05','','0000-00-00','0000-00-00','2016-05-23',''),(289,'2013-00000330       ','CORAZON','P','APARENTE','','1967-11-15','','0000-00-00','0000-00-00','2016-05-23',''),(290,'2013-00000331       ','LORNA','C','DE LEON','','1957-11-11','','0000-00-00','0000-00-00','2016-05-23',''),(291,'2013-00000332       ','ALBERTO','B','MALINAO','','1960-08-07','','0000-00-00','0000-00-00','2016-05-23',''),(292,'2013-00000333       ','NORMELA','P','LIGAN','','1986-12-20','','0000-00-00','0000-00-00','2016-05-23',''),(293,'2013-00000334       ','LUISA','A','LANDICHO','','1977-08-19','','0000-00-00','0000-00-00','2016-05-24',''),(294,'2013-00000335       ','TEODORO','Z','MALONZO,','JR','1969-11-28','','0000-00-00','0000-00-00','2016-05-24',''),(295,'2013-00000336       ','JOCELLE','T','GOMEZ','','1987-09-25','','0000-00-00','0000-00-00','2016-05-24',''),(296,'2013-00000337       ','SHEILA MARIE','P','CAÑETE','','1985-10-08','','0000-00-00','0000-00-00','2016-05-24',''),(297,'2013-00000338       ','PAULO','C','CAPILI','','1981-07-12','','0000-00-00','0000-00-00','2016-05-24',''),(298,'2013-00000339       ','JAY','B','DE VERA','','1978-07-04','','0000-00-00','0000-00-00','2016-05-24',''),(299,'2013-00000340       ','BEA','LOREN','LT. OCBA','','1993-01-27','','0000-00-00','0000-00-00','2016-05-24',''),(300,'2013-00000341       ','RHONALYN','P','ALUNING','','1992-11-18','','0000-00-00','0000-00-00','2016-05-24',''),(301,'2013-00000342       ','MA. CHRISTINA','E','UY','','1993-07-17','','0000-00-00','0000-00-00','2016-05-24',''),(302,'2013-00000343       ','MARCY JAN','M','VISTO','','1993-03-27','','0000-00-00','0000-00-00','2016-05-24',''),(303,'2013-00000344       ','KHYSEN','A','CALAMBA','','1992-05-27','','0000-00-00','0000-00-00','2016-05-24',''),(304,'2013-00000345       ','JANINE','A','LANDICHO','','1973-06-22','','0000-00-00','0000-00-00','2016-05-24',''),(305,'2013-00000346       ','APRIL','M','JAVONILLO','','1990-02-24','','0000-00-00','0000-00-00','2016-05-26',''),(306,'2013-00000347       ','JENNIFER','D','GUMARAO','','1992-08-19','','0000-00-00','0000-00-00','2016-05-26',''),(307,'2013-00000348       ','FRANCISCA AIDA','M','JUNIO','','1936-12-02','','0000-00-00','0000-00-00','2016-05-26',''),(308,'2013-00000349       ','ANGELA','D','ENRICO','','1989-10-17','','0000-00-00','0000-00-00','2016-05-26',''),(309,'2013-00000350       ','GUIAN HARVEY','C','ROXAS','','2002-05-20','','0000-00-00','0000-00-00','2016-05-26',''),(310,'2013-00000351       ','ARLYNE','K','CARANDANG','','1977-01-08','','0000-00-00','0000-00-00','2016-05-26',''),(311,'2013-00000352       ','JENNIFER','H','GUILLES','','1982-10-04','','0000-00-00','0000-00-00','2016-05-26',''),(312,'2013-00000353       ','CLARIZA','M','LAPEÑA','','1992-12-01','','0000-00-00','0000-00-00','2016-05-26',''),(313,'2013-00000354       ','ROSE ANN','L','MORTAL','','1992-11-06','','0000-00-00','0000-00-00','2016-05-26',''),(314,'2013-00000355       ','MARICEL','N','TOLENTINO','','1975-10-01','','0000-00-00','0000-00-00','2016-05-26',''),(315,'2013-00000356       ','CARMELITA','P','ROSAL','','1969-11-24','','0000-00-00','0000-00-00','2016-05-26',''),(316,'2013-00000357       ','IMELDA','L','ARAYATA','','1963-09-22','','0000-00-00','0000-00-00','2016-05-26',''),(317,'2013-00000358       ','NORMAN','M','MELO','','1978-10-10','','0000-00-00','0000-00-00','2016-05-26',''),(318,'2013-00000359       ','KHAREN','G','FONTECHA','','1980-12-03','','0000-00-00','0000-00-00','2016-05-27',''),(319,'2013-00000360       ','ROGELIO','M','LEOMO','','1957-03-20','','0000-00-00','0000-00-00','2016-05-27',''),(320,'2013-00000361       ','IRMA','V','CARINO','','1966-09-16','','0000-00-00','0000-00-00','2016-05-27',''),(321,'2013-00000362       ','KHIEN ELDRICH','S','PERLAWAN','','1994-06-29','','0000-00-00','0000-00-00','2016-05-27',''),(322,'2013-00000363       ','ERNESTO','L','CASTILLO','','1948-11-16','','0000-00-00','0000-00-00','2016-05-27',''),(323,'2013-00000364       ','RICHARD','M','OBA','','1978-05-30','','0000-00-00','0000-00-00','2016-05-27',''),(324,'2013-00000365       ','GRASHELA','B','LOGO','','1980-04-06','','0000-00-00','0000-00-00','2016-05-27',''),(325,'2013-00000366       ','DOMINADOR','M','GABRIEL','','1946-12-22','','0000-00-00','0000-00-00','2016-05-27',''),(326,'2013-00000367       ','LEO','B','COMAHIG','','1972-03-09','','0000-00-00','0000-00-00','2016-05-27',''),(327,'2013-00000368       ','MARY MARGRETT','S','PUA','','1989-05-29','','0000-00-00','0000-00-00','2016-05-27',''),(328,'2013-00000369       ','ROGELIO','V','MORALES','','1966-08-23','','0000-00-00','0000-00-00','2016-05-27',''),(329,'2013-00000370       ','ANTONIA','S','CARPENA','','1946-07-04','','0000-00-00','0000-00-00','2016-05-27',''),(330,'2013-00000371       ','MACARIO','B','MACALINDONG','','1962-02-28','','0000-00-00','0000-00-00','2016-05-27',''),(331,'2013-00000372       ','JERWIN','R','GARCIA','','1991-12-21','','0000-00-00','0000-00-00','2016-05-28',''),(332,'2013-00000373       ','ELEANOR','A','GONZALES','','1963-11-01','','0000-00-00','0000-00-00','2016-05-28',''),(333,'2013-00000374       ','CONSTANCIO','','DERAMA','','1972-09-05','','0000-00-00','0000-00-00','2016-05-28',''),(334,'2013-00000375       ','OLIVER','M','NITORAL','','1970-08-07','','0000-00-00','0000-00-00','2016-05-30',''),(335,'2013-00000376       ','GERARD CECIL','A','PESIGAN','','1991-02-17','','0000-00-00','0000-00-00','2016-05-30',''),(336,'2013-00000377       ','MARVIN','E','CAPARAS','','1988-02-10','','0000-00-00','0000-00-00','2016-05-30',''),(337,'2013-00000378','CHRISTINA','J.','PALMA','','1994-07-12','cpalma1294@yahoo.com','0000-00-00','0000-00-00','2016-05-30',''),(338,'2013-00000379','SALUSTIANO','D.','JIMENEZ','','1987-07-10','','0000-00-00','0000-00-00','2016-05-30',''),(339,'2013-00000380','MARY ANN','L.','GONZALES','','1969-07-26','','0000-00-00','0000-00-00','2016-05-30',''),(340,'2013-00000381','CEZAR','E.','BAYONITO','','1971-06-18','bayonitoce@pnb.com.ph','0000-00-00','0000-00-00','2016-05-30',''),(341,'2013-00000382','EMMANUEL','F.','TANGIAN','','1968-07-23','','0000-00-00','0000-00-00','2016-05-30',''),(342,'2013-00000383','LEA','D.','RAMOS','','1975-04-18','leadelizo@yahoo.com','0000-00-00','0000-00-00','2016-05-30',''),(343,'2013-00000384','EUGENIO','L.','GANZON','','1959-05-02','','0000-00-00','0000-00-00','2016-05-30',''),(344,'2013-00000385','RAFFY','M.','REYES','','1986-10-31','','0000-00-00','0000-00-00','2016-05-30',''),(345,'2013-00000387','SHERBE','P.','MAMA','','1985-07-22','sherbie_22@yahoo.com','0000-00-00','0000-00-00','2016-05-30',''),(346,'2013-00000388','ARMINDA','J.','LEBRILLA','','1967-05-13','armi@zenco.com.ph','0000-00-00','0000-00-00','2016-05-30',''),(347,'2013-00000389','FELICIANA','M.','TUMBAGA','','1963-10-28','','0000-00-00','0000-00-00','2016-05-30',''),(348,'2013-00000390','MICHAEL','M.','BALAGTAS','','1976-05-08','','0000-00-00','0000-00-00','2016-05-31',''),(349,'2013-00000391','EDGAR','C.','PEPITO','','1977-02-14','pepitochristian33@yahoo.com','0000-00-00','0000-00-00','2016-06-02',''),(350,'2013-00000392','CEZAR','S.','RUBICO','','1964-10-29','','0000-00-00','0000-00-00','2016-06-02',''),(351,'2013-00000394','MARY ANN','O.','ANONUEVO','','1982-01-25','anne_12582@yahoo.com','0000-00-00','0000-00-00','2016-06-02',''),(352,'2013-00000395','ABEGAIL','D.','CORVERA','','1988-04-24','abegailcorvera@yahoo.com','0000-00-00','0000-00-00','2016-06-02',''),(353,'2013-00000396','JACKIE LOU','M.','DE GUZMAN','','1983-03-09','mimee_09@yahoo.com','0000-00-00','0000-00-00','2016-06-02',''),(354,'2013-00000397','NOVELYN','A.','MULLET','','1977-01-17','novie.efei2010@yahoo.com','0000-00-00','0000-00-00','2016-06-02',''),(355,'2013-00000398','RODA','A.','REYES','','1966-03-03','rodareyes@yahoo.com','0000-00-00','0000-00-00','2016-06-02',''),(356,'2013-00000399','EPIFANIA','M.','LAUDEREZ','','1965-04-28','','0000-00-00','0000-00-00','2016-06-02',''),(357,'2013-00000400','ERRIS','A.','GONZALES','','1995-03-09','eriso09@gmail.com','0000-00-00','0000-00-00','2016-06-02',''),(358,'2013-00000401','MARK ANTHONY','D.','CABRERA','','1990-10-19','markanthonydls.cabrera@gmail.com','0000-00-00','0000-00-00','2016-06-02',''),(359,'2013-00000402','FERNANDO','P.','ASMOLO','JR.','1987-05-30','','0000-00-00','0000-00-00','2016-06-03',''),(360,'2013-00000403','JULIUS','J.','ARIBAL','','1983-12-18','','0000-00-00','0000-00-00','2016-06-03',''),(361,'2013-00000404','ANTHONY','A.','AZARES','','1976-01-17','san_antoniofs@yahoo.com','0000-00-00','0000-00-00','2016-06-03',''),(362,'2013-00000405','ROSARIO','T.','MILLAN','','1974-10-01','cherry_millan@yahoo.com','0000-00-00','0000-00-00','2016-06-03',''),(363,'2013-00000406','GEMMARIE MAE','U.','MOLLENA','','1990-05-27','iamyanver@gmail.com','0000-00-00','0000-00-00','2016-06-03',''),(364,'2013-00000407','MAXELL','L.','FLORES','','1985-11-30','maxell.flores@gmail.com','0000-00-00','0000-00-00','2016-06-03',''),(365,'2013-00000408','ROSILITO','','CAMPOSANO','','1966-07-26','rosilitoc@yahoo.com','0000-00-00','0000-00-00','2016-06-03',''),(366,'2013-00000409','ELIZABETH','V.','ORDIALES','','1980-01-03','','0000-00-00','0000-00-00','2016-06-03',''),(367,'2013-00000410','OLIVIA','M.','LINTAG','','1951-12-17','','0000-00-00','0000-00-00','2016-06-03',''),(368,'2013-00000411','CATHERINE','T.','ANDALES','','1985-10-19','cathy.andales@yahoo.com','0000-00-00','0000-00-00','2016-06-03',''),(369,'2013-00000412','PAUL WILSON','C.','CALICA','','1958-01-09','','0000-00-00','0000-00-00','2016-06-03',''),(370,'2013-00000413','EMILY','G.','CATALAN','','1983-12-01','','0000-00-00','0000-00-00','2016-06-03',''),(371,'2013-00000414','WILFREDO','E.','LOYOLA','VI','1975-04-27','','0000-00-00','0000-00-00','2016-06-03',''),(372,'2013-00000415','MARIVIC','P.','DE LEON','','1976-07-15','deleon_marivic@yahoo.com','0000-00-00','0000-00-00','2016-06-03',''),(373,'2013-00000416','EMILIANA','D.','LLANES','','1961-09-11','','0000-00-00','0000-00-00','2016-06-03',''),(374,'2013-00000417','RODCHIE','D.','BAYLON','','1984-06-20',' ','0000-00-00','0000-00-00','2016-06-03',''),(375,'2013-00000418','RICHMOND','B.','PACIS','','1996-06-05','rvpacis_05@yahoo.com','0000-00-00','0000-00-00','2016-06-04',''),(376,'2013-00000419','YUMI','M.','IKEDA','','1998-05-10','ikedayumim@gmail.com','0000-00-00','0000-00-00','2016-06-04',''),(377,'2013-00000420','ADELLEE','B.','PAALA','','1968-05-18','peaktravel91518tours@yahoo.com','0000-00-00','0000-00-00','2016-06-04',''),(378,'2013-00000421','JOHN CHRISTOPER','T.','ALVAREZ','','1996-06-14','alvarez.johnchristopher@yahoo.com','0000-00-00','0000-00-00','2016-06-04',''),(379,'2013-00000422','NENIZA','A.','DISONGLO','','1970-08-26','neniza_disonglo@yahoo.com','0000-00-00','0000-00-00','2016-06-04',''),(380,'2013-00000423','ROSE LYN','A.','DISONGLO','','1988-07-05','lyn_disonglo@yahoo.com','0000-00-00','0000-00-00','2016-06-04',''),(381,'2013-00000424','LEO','B.','ABITONA','','1985-02-09','thevoice09@yahoo.com','0000-00-00','0000-00-00','2016-06-04',''),(382,'2013-00000425','ROSEMARIE','B.','LOBO','','1963-11-24','','0000-00-00','0000-00-00','2016-06-04',''),(383,'2013-00000426','CHARLENE MAE','P.','SANTIAGO','','2004-07-13','','0000-00-00','0000-00-00','2016-06-04',''),(384,'2013-00000427','JESUSA ROWENA','B.','ESPELETA','','1970-12-25','weng.barreras@yahoo.com','0000-00-00','0000-00-00','2016-06-04',''),(385,'2013-00000428','EPIE','V.','ESPELETA','','1972-01-23','evespeleta@yahoo.com','0000-00-00','0000-00-00','2016-06-04',''),(386,'2013-00000429','MICHAEL GLENN','G.','NOLASCO','','1982-07-11','chitosan_nelg@yahoo.com','0000-00-00','0000-00-00','2016-06-04',''),(387,'2013-00000430','LYLE OSEL','L.','NOLASCO','','1984-11-21','loleosala@yahoo.com','0000-00-00','0000-00-00','2016-06-04',''),(388,'2013-00000431','TERRENCE JAN','T.','MAGUDDAYAO','','1992-06-08','yoslng3883@yahoo.com','0000-00-00','0000-00-00','2016-06-04',''),(389,'2013-00000432','JOMAR','V.','CANSINO','','1992-11-06','cansino_jhomar@yahoo.com','0000-00-00','0000-00-00','2016-06-05',''),(390,'2013-00000433','DAREN','S.','DIMAUNAHAN','','1989-08-29','daren5lsfe@gmail.com','0000-00-00','0000-00-00','2016-06-05',''),(391,'2013-00000434','YURI','L.','SAUQUILLO','','1988-01-15','yuri.sauquillo@gmail.com','0000-00-00','0000-00-00','2016-06-05',''),(392,'2013-00000435','ELEUTERIO','G.','BERNARDO','','1966-02-20','engb98@gmail.com','0000-00-00','0000-00-00','2016-06-05',''),(393,'2013-00000436','ELY','P.','BAS','','1957-09-18','','0000-00-00','0000-00-00','2016-06-05',''),(394,'2013-00000437','TERESITA','V.','CRUZ','','1952-11-18','','0000-00-00','0000-00-00','2016-06-05',''),(395,'2013-00000438','JENNIFER GAZELLE','D.','ALMONGUERA','','1982-10-30','','0000-00-00','0000-00-00','2016-06-05',''),(396,'2013-00000439','LIBERTY','D.','LACERNA','','1971-06-12','libai_lacerna@yahoo.com','0000-00-00','0000-00-00','2016-06-05',''),(397,'2013-00000440','JOSE EMMANUEL','R.','MANDA','','1964-06-03','bombi.manda@yahoo.com','0000-00-00','0000-00-00','2016-06-05',''),(398,'2013-00000441','PETER','F.','FADRIQUELAN','','1991-01-11','peter_fadriquelan@yahoo.com','0000-00-00','0000-00-00','2016-06-05',''),(399,'2013-00000442','JOHN COLLIN','V.','ANOYO','','1990-01-22','j.collin_10@yahoo.com','0000-00-00','0000-00-00','2016-06-05',''),(400,'2013-00000443','PATRICK CYRILL','G.','RONDEZ','','1991-03-24','youonlume@yahoo.com','0000-00-00','0000-00-00','2016-06-06',''),(401,'2013-00000444','AVELINA','M.','DE OCAMPO','','1950-08-27','','0000-00-00','0000-00-00','2016-06-06',''),(402,'2013-00000445','ROLAN','A.','MORALES','','1976-01-22','moralesrolan39@yahoo.com','0000-00-00','0000-00-00','2016-06-06',''),(403,'2013-00000446','EVANGELINE','C.','RESURRECCION','','1963-10-20','amaula_13@yahoo.com','0000-00-00','0000-00-00','2016-06-06',''),(404,'2013-00000447','VALERIE','S.','ESEO','','1980-12-22','','0000-00-00','0000-00-00','2016-06-06',''),(405,'2013-00000448','RUEL','D.','ESEO','','1975-11-19','','0000-00-00','0000-00-00','2016-06-06',''),(406,'2013-00000449','NESTOR','A.','VILLAR','','1957-03-07','','0000-00-00','0000-00-00','2016-06-06',''),(407,'2013-00000450','LUCENA','C.','LUBIS','','1966-06-29','','0000-00-00','0000-00-00','2016-06-06',''),(408,'2013-00000451','MICHAEL ULYSES','B.','ESCARTIN','','1987-01-02','tsic2@yahoo.com','0000-00-00','0000-00-00','2016-06-06',''),(409,'2013-00000452','MELODY','G.','GUTIERREZ','','1978-11-21','melggutierrez@yahoo.com','0000-00-00','0000-00-00','2016-06-06',''),(410,'2013-00000453','APRIL','A.','ANGELES','','1983-02-23','jam_angeles23@yahoo.com','0000-00-00','0000-00-00','2016-06-06',''),(411,'2013-00000454','SHIRLEY','G.','CARINO','','1956-11-01','','0000-00-00','0000-00-00','2016-06-06',''),(412,'2013-00000455','MERLITA','M.','SAGARAL','','1965-09-24','merly.rmsstar@gmail.com','0000-00-00','0000-00-00','2016-06-06',''),(413,'2013-00000456','MARIETTA','B.','GONZALES','','1957-07-30','gmarietta51@yahoo.com','0000-00-00','0000-00-00','2016-06-06',''),(414,'2013-00000457','LOURDES','P.','CABALES','','1971-02-11','','0000-00-00','0000-00-00','2016-06-06',''),(415,'2013-00000458','LORENZO','S.','DIZON','JR.','1967-09-24','renzdizonjr@yahoo.com','0000-00-00','0000-00-00','2016-06-06',''),(416,'2013-00000459','ANIFE','Q.','DE CHAVEZ','','1980-01-25','anife_quinay@yahoo.com','0000-00-00','0000-00-00','2016-06-06',''),(417,'2013-00000460       ','AILEEN','D.','ELACION','','1989-07-03','aileen.elacion@yahoo.com','0000-00-00','0000-00-00','2016-06-06',''),(418,'2013-00000461       ','MINDO MAGTANGGOL','Q.','AGUILA','','1962-01-25','maguila@astromarine.net','0000-00-00','0000-00-00','2016-06-06',''),(419,'2013-00000462       ','ROSENIE','D.','BIGTAS','','1968-12-26','rdbigtas@yahoo.com','0000-00-00','0000-00-00','2016-06-06',''),(420,'2013-00000463       ','ALEJANDRO','P.','BONDOC','','1960-12-01','','0000-00-00','0000-00-00','2016-06-06',''),(421,'2013-00000464       ','RUBY','N.','VILLIAMALA','','2000-05-25','','0000-00-00','0000-00-00','2016-06-06',''),(422,'2013-00000465       ','JOSEPHINE','S.','CASAS','','1963-02-08','jocasas_lbp@yahoo.com','0000-00-00','0000-00-00','2016-06-06',''),(423,'2013-00000466       ','ELIZABETH','D.','RAMOS','','1958-04-22','stspaulandmarkschool@yahoo.com','0000-00-00','0000-00-00','2016-06-06',''),(424,'2013-00000467       ','MECCA RIZI','C.','YAHIYA','','1985-06-23','meesheeyahiya@gmail.com','0000-00-00','0000-00-00','2016-06-06',''),(425,'2013-00000468       ','JESSAMAE BIANCA','A.','ESTRELLA','','1995-12-09','bam.estrella@yahoo.com','0000-00-00','0000-00-00','2016-06-06',''),(426,'2013-00000469       ','ACE OZBERHT','C.','CAYETANO','','1984-04-28','marcusjoshuacayetano@gmail.com','0000-00-00','0000-00-00','2016-06-06',''),(427,'2013-00000470       ','ELIZABETH','P.','PILOTOS','','1995-10-05','elizabethpilotos@yahoo.com','0000-00-00','0000-00-00','2016-06-06',''),(428,'2013-00000471       ','ELMER','C.','FABILLAR','','1975-12-10','','0000-00-00','0000-00-00','2016-06-07',''),(429,'2013-00000472       ','REGGIE','T.','BENOSA','','1993-10-20','','0000-00-00','0000-00-00','2016-06-07',''),(430,'2013-00000473       ','ROLLY','L.','ABAJA','','1991-05-14','','0000-00-00','0000-00-00','2016-06-07',''),(431,'2013-00000474       ','RONNIE','M.','MARISTELA','','1973-10-21','ron1973_maristela@yahoo.com','0000-00-00','0000-00-00','2016-06-07',''),(432,'2013-00000475       ','NIKKA LUCILLE','A.','VIZMONTE','','1985-01-10','navizmonte@favci.ph','0000-00-00','0000-00-00','2016-06-07',''),(433,'2013-00000476       ','MC DEO','S.','JUSAYAN','','1993-12-21','mcdeosanchez@gmail.com','0000-00-00','0000-00-00','2016-06-07',''),(434,'2013-00000477       ','CHERRY ANN','B.','VELASCO','','1981-10-04','velascocherryann@yahoo.com.ph','0000-00-00','0000-00-00','2016-06-07',''),(435,'2013-00000478       ','ERNESTO','B.','DAYUPAY','','1959-01-10','ernidayupay@yahoo.com.ph','0000-00-00','0000-00-00','2016-06-07',''),(436,'2013-00000479       ','ROSENDA','R.','PERGIS','','1973-10-25','','0000-00-00','0000-00-00','2016-06-07',''),(437,'2013-00000480       ','EMILIA','G.','LOPEZ','','1968-05-25','','0000-00-00','0000-00-00','2016-06-07',''),(438,'2013-00000481       ','FILIPINA','Y.','MARTILLO','','1944-09-01','','0000-00-00','0000-00-00','2016-06-07',''),(439,'2013-00000482       ','DOUGLAS','C.','DIGDIGAN','','1964-04-25','dc.digs@yahoo.com','0000-00-00','0000-00-00','2016-06-09',''),(440,'2013-00000483       ','HILARIO','L.','MAGPANTAY','','1979-01-13','grys_7900@yahoo.com','0000-00-00','0000-00-00','2016-06-09',''),(441,'2013-00000484       ','RICKY','T.','ENRICO','','1985-12-06','','0000-00-00','0000-00-00','2016-06-09',''),(442,'2013-00000485       ','HAROLD','S.','CASASOLA','','1981-04-30','harold_casasola@yahoo.com','0000-00-00','0000-00-00','2016-06-09',''),(443,'2013-00000486       ','MERLINDA','M.','PRADO','','1959-10-16','merlinda_prado@yahoo.com.ph','0000-00-00','0000-00-00','2016-06-09',''),(444,'2013-00000487       ','MARY ANN','T.','TERCERO','','1994-06-20','maryann.tercero@ymail.com','0000-00-00','0000-00-00','2016-06-09',''),(445,'2013-00000488       ','MERIAM','T.','NICOLAS','','1962-12-11','yamnichols@yahoo.com','0000-00-00','0000-00-00','2016-06-09',''),(446,'2013-00000489       ','MARIO','N.','PIANO','','1968-12-15','mario_piano@ymail.com','0000-00-00','0000-00-00','2016-06-09',''),(447,'2013-00000490       ','PRISCILA','B.','PAREDES','','1953-07-08','','0000-00-00','0000-00-00','2016-06-09',''),(448,'2013-00000491       ','ROSITA','G.','HIRAY','','1972-06-30','rgh_30@yahoo.com','0000-00-00','0000-00-00','2016-06-09',''),(449,'2013-00000492       ','LUCIA','O.','LIM','','1953-12-19','luciaorjadalim@yahoo.com','0000-00-00','0000-00-00','2016-06-09',''),(450,'2013-00000493       ','MELYN','C.','ICARO','','1991-09-27','melyncaber@yahoo.com','0000-00-00','0000-00-00','2016-06-09',''),(451,'2013-00000494       ','GINALYN','B.','ARQUIZA','','1970-08-19','lalitaarquiza@yahoo.com','0000-00-00','0000-00-00','2016-06-10',''),(452,'2013-00000495       ','ISABELITA','B.','RAMOS','','1968-06-13','','0000-00-00','0000-00-00','2016-06-10',''),(453,'2013-00000496       ','PEDRO','F.','PURISIMA','','1992-06-29','','0000-00-00','0000-00-00','2016-06-10',''),(454,'2013-00000497       ','LOLITO','M.','POSTRANO','','1969-10-12','','0000-00-00','0000-00-00','2016-06-10',''),(455,'2013-00000498       ','ARNEL','M.','OCBINA','','1971-04-17','','0000-00-00','0000-00-00','2016-06-10',''),(456,'2013-00000499       ','ELESUR','O.','FORTALISA','','1991-11-11','','0000-00-00','0000-00-00','2016-06-10',''),(457,'2013-00000500       ','BESSIE','C.','GAMO','','1974-03-19','macancislei@yahoo.com','0000-00-00','0000-00-00','2016-06-10',''),(458,'2013-00000501       ','MARION ANGELINE','D.','AGUILA','','1990-01-26','maanneaguila@yahoo.com','0000-00-00','0000-00-00','2016-06-10',''),(459,'2013-00000502       ','MIKHAIL LEE','V.','VIZCONDE','','1976-08-11','mikh.vizconde@yahoo.com','0000-00-00','0000-00-00','2016-06-10',''),(460,'2013-00000503       ','HONEYVEE','C.','CHOA','','1983-03-05','henzel05snype@yahoo.com','0000-00-00','0000-00-00','2016-06-10',''),(461,'2013-00000504       ','RONALDO','G.','CIELOS','','1968-10-02','jjjcielos@yahoo.com','0000-00-00','0000-00-00','2016-06-10',''),(462,'2013-00000505       ','GIAN VELOUISE WILT','P.','LEONIDA','','1995-09-20','gianleonida13@yahoo.com','0000-00-00','0000-00-00','2016-06-10',''),(463,'2013-00000506       ','MARIA RENER','D.','BATAC','','1976-02-18','pickle_boo@yahoo.com','0000-00-00','0000-00-00','2016-06-10',''),(464,'2013-00000507       ','SHIRLEY','L.','JAVIER','','1979-02-25','sheenalon@yahoo.com','0000-00-00','0000-00-00','2016-06-10',''),(465,'2013-00000508       ','LETICIA','A.','DISONGLO','','1947-07-04','leticia.disonglo@yahoo.com','0000-00-00','0000-00-00','2016-06-11',''),(466,'2013-00000509       ','ALLAN','L.','CALABANO','','1988-02-15','allancalabano@yahoo.com','0000-00-00','0000-00-00','2016-06-11',''),(467,'2013-00000510       ','MARIA LUISA','R.','TENCE','','1964-01-07','','0000-00-00','0000-00-00','2016-06-11',''),(468,'2013-00000511       ','EMMANUEL','M.','LACSAMANA','','1988-02-20','emmanlacsamana@ymail.com','0000-00-00','0000-00-00','2016-06-12',''),(469,'2013-00000151','MYRA EMMA','V.','PENARAN','','1967-12-26','','0000-00-00','0000-00-00','2016-05-01',''),(470,'2013-00000512','EDUARDO','A.','PASCUA','','1957-08-11','','0000-00-00','0000-00-00','2016-06-13',''),(471,'2013-00000513','JUNE','A.','SANTILLAN','','1964-06-30','','0000-00-00','0000-00-00','2016-06-13',''),(472,'2013-00000514','JANET','M.','CASIBANG','','1963-06-14','','0000-00-00','0000-00-00','2016-06-13',''),(473,'2013-00000515','HANIA','H.','FERNANDEZ','','1981-01-18','','0000-00-00','0000-00-00','2016-06-13',''),(474,'2013-00000516','JOANNA DOMINIQUE','P.','FRANY','','1992-03-25','','0000-00-00','0000-00-00','2016-06-13',''),(475,'2013-00000517','JOSEPH','G.','DIVINIGRACIA','','1991-01-01','','0000-00-00','0000-00-00','2016-06-13',''),(476,'2013-00000518','EMETERIO','C.','MABILING','','1959-08-14','','0000-00-00','0000-00-00','2016-06-13',''),(477,'2013-00000519','CAROLINA','T.','LAGUINDAY','','1952-11-27','','0000-00-00','0000-00-00','2016-06-13',''),(478,'2013-00000520','DANILO','R.','LAGUINDAY','','1954-04-11','','0000-00-00','0000-00-00','2016-06-13',''),(479,'2013-00000521','MARIJOY','M.','MAPALAD','','1977-10-29','','0000-00-00','0000-00-00','2016-06-13',''),(480,'2013-00000522','JULIE','C.','MANALO','','1951-02-16','','0000-00-00','0000-00-00','2016-06-13',''),(481,'2013-00000523','ROMEL','R.','JARLOS','','1971-01-19','','0000-00-00','0000-00-00','2016-06-13',''),(482,'2013-00000524','RUPERTO','B.','MANALO','','1945-10-30','','0000-00-00','0000-00-00','2016-06-13',''),(483,'2013-00000525','MARK JEWERY','G.','LOZANO','','1990-07-07','','0000-00-00','0000-00-00','2016-06-13',''),(484,'2013-00000526','MYRNA','N.','CORTEZ','','1970-03-05','','0000-00-00','0000-00-00','2016-06-14',''),(485,'2013-00000527','ERMA','D.','CELINO','','1962-04-16','','0000-00-00','0000-00-00','2016-06-14',''),(486,'2013-00000528','ANNA CLARIZA','M.','TUMESA','','1990-06-02','','0000-00-00','0000-00-00','2016-06-14',''),(487,'2013-00000529','ARNOLD','O.','DURAY','','1993-05-03','','0000-00-00','0000-00-00','2016-06-14',''),(488,'2013-00000530','ROSALINA','L.','OLAN','','1954-08-31','','0000-00-00','0000-00-00','2016-06-14',''),(489,'2013-00000531','LEONORA','M.','MALIGALIG','','1958-06-29','','0000-00-00','0000-00-00','2016-06-14',''),(490,'2013-00000532','GIL','M.','MUNDIN','','1977-07-07','','0000-00-00','0000-00-00','2016-06-14',''),(491,'2013-00000533','RUBEN','F.','SOLANO','','1958-12-19','','0000-00-00','0000-00-00','2016-06-14',''),(492,'2013-00000534','MA.VERTRIXIA','G.','BOTICTIC','','1973-10-28','','0000-00-00','0000-00-00','2016-06-14',''),(493,'2013-00000535','MARY ANN','D.','CARINO','','1976-10-03','','0000-00-00','0000-00-00','2016-06-14',''),(494,'2013-00000536','ALBERT','B.','MARTINEZ','','1982-10-20','','0000-00-00','0000-00-00','2016-06-14',''),(495,'2013-00000537','RONELIO','M.','SILOT','','1972-07-22','','0000-00-00','0000-00-00','2016-06-14',''),(496,'2013-00000538','ANNA','L.','DURA','','1953-07-25','','0000-00-00','0000-00-00','2016-06-14',''),(497,'2013-00000539','ANTONIO','E.','CO','JR.','1979-08-12','','0000-00-00','0000-00-00','2016-06-14',''),(498,'2013-00000540','RHODORA','L.','RAMIREZ','','1970-12-18','','0000-00-00','0000-00-00','2016-06-14',''),(499,'2013-00000541','ARNOLD','G.','PALISOC','','1971-10-24','','0000-00-00','0000-00-00','2016-06-14',''),(500,'2013-00000542','MARIA FE','T.','TAMAYO','','1971-05-07','','0000-00-00','0000-00-00','2016-06-14',''),(501,'2013-00000543','JOCELYN','L.','CARO','','1973-01-12','','0000-00-00','0000-00-00','2016-06-14',''),(502,'2013-00000544','MANUEL','K.','NUYDA','','1962-12-23','','0000-00-00','0000-00-00','2016-06-16',''),(503,'2013-00000545','ERLINDA','A.','PITEL','','1953-07-02','','0000-00-00','0000-00-00','2016-06-16',''),(504,'2013-00000546','MARY ANN','D.','TRINOS','','1979-03-25','','0000-00-00','0000-00-00','2016-06-16',''),(505,'2013-00000547','JONEL','G.','MABEZA','','1982-02-25','','0000-00-00','0000-00-00','2016-06-16',''),(506,'2013-00000548','ANA CECILIA','L.','LAGADIA','','1975-02-15','','0000-00-00','0000-00-00','2016-06-16',''),(507,'2013-00000549','MARILINE','C.','CASTILLO','','1949-12-18','','0000-00-00','0000-00-00','2016-06-16',''),(508,'2013-00000550','CYNTHIA','O.','PILA','','1957-06-25','','0000-00-00','0000-00-00','2016-06-16',''),(509,'2013-00000551','MA.TERESA','T.','PASCUAL','','1963-02-01','','0000-00-00','0000-00-00','2016-06-16',''),(510,'2013-00000552','DIANA MARIE','L.','JORILLO','','1987-03-16','','0000-00-00','0000-00-00','2016-06-16','');
/*!40000 ALTER TABLE `jammers` ENABLE KEYS */;
UNLOCK TABLES;

--
-- Table structure for table `location`
--

DROP TABLE IF EXISTS `location`;
/*!40101 SET @saved_cs_client     = @@character_set_client */;
/*!40101 SET character_set_client = utf8 */;
CREATE TABLE `location` (
  `id` int(11) NOT NULL AUTO_INCREMENT,
  `name` varchar(255) NOT NULL,
  `active` char(1) NOT NULL DEFAULT 'Y',
  PRIMARY KEY (`id`),
  UNIQUE KEY `name` (`name`)
) ENGINE=InnoDB AUTO_INCREMENT=3 DEFAULT CHARSET=latin1;
/*!40101 SET character_set_client = @saved_cs_client */;

--
-- Dumping data for table `location`
--

LOCK TABLES `location` WRITE;
/*!40000 ALTER TABLE `location` DISABLE KEYS */;
INSERT INTO `location` VALUES (1,'BUENDIA','Y'),(2,'LIPA','Y');
/*!40000 ALTER TABLE `location` ENABLE KEYS */;
UNLOCK TABLES;

--
-- Table structure for table `passenger_types`
--

DROP TABLE IF EXISTS `passenger_types`;
/*!40101 SET @saved_cs_client     = @@character_set_client */;
/*!40101 SET character_set_client = utf8 */;
CREATE TABLE `passenger_types` (
  `id` int(11) NOT NULL AUTO_INCREMENT,
  `name` varchar(255) NOT NULL,
  `discount` int(11) NOT NULL DEFAULT '0',
  `active` char(1) NOT NULL DEFAULT 'Y',
  PRIMARY KEY (`id`)
) ENGINE=InnoDB AUTO_INCREMENT=4 DEFAULT CHARSET=latin1;
/*!40101 SET character_set_client = @saved_cs_client */;

--
-- Dumping data for table `passenger_types`
--

LOCK TABLES `passenger_types` WRITE;
/*!40000 ALTER TABLE `passenger_types` DISABLE KEYS */;
INSERT INTO `passenger_types` VALUES (1,'Full Fare',0,'Y'),(2,'SENIOR/PWD/STUDENT',20,'Y'),(3,'FOC',100,'Y');
/*!40000 ALTER TABLE `passenger_types` ENABLE KEYS */;
UNLOCK TABLES;

--
-- Table structure for table `profiles`
--

DROP TABLE IF EXISTS `profiles`;
/*!40101 SET @saved_cs_client     = @@character_set_client */;
/*!40101 SET character_set_client = utf8 */;
CREATE TABLE `profiles` (
  `user_id` int(11) NOT NULL AUTO_INCREMENT,
  `lastname` varchar(50) NOT NULL DEFAULT '',
  `firstname` varchar(50) NOT NULL DEFAULT '',
  PRIMARY KEY (`user_id`),
  CONSTRAINT `user_profile_id` FOREIGN KEY (`user_id`) REFERENCES `users` (`id`) ON DELETE CASCADE
) ENGINE=InnoDB AUTO_INCREMENT=5 DEFAULT CHARSET=utf8;
/*!40101 SET character_set_client = @saved_cs_client */;

--
-- Dumping data for table `profiles`
--

LOCK TABLES `profiles` WRITE;
/*!40000 ALTER TABLE `profiles` DISABLE KEYS */;
INSERT INTO `profiles` VALUES (1,'Admin','Administrator'),(2,'Demo','Demo'),(3,'Collera','Dandy'),(4,'Cabug-os','Neil');
/*!40000 ALTER TABLE `profiles` ENABLE KEYS */;
UNLOCK TABLES;

--
-- Table structure for table `profiles_fields`
--

DROP TABLE IF EXISTS `profiles_fields`;
/*!40101 SET @saved_cs_client     = @@character_set_client */;
/*!40101 SET character_set_client = utf8 */;
CREATE TABLE `profiles_fields` (
  `id` int(10) NOT NULL AUTO_INCREMENT,
  `varname` varchar(50) NOT NULL,
  `title` varchar(255) NOT NULL,
  `field_type` varchar(50) NOT NULL,
  `field_size` varchar(15) NOT NULL DEFAULT '0',
  `field_size_min` varchar(15) NOT NULL DEFAULT '0',
  `required` int(1) NOT NULL DEFAULT '0',
  `match` varchar(255) NOT NULL DEFAULT '',
  `range` varchar(255) NOT NULL DEFAULT '',
  `error_message` varchar(255) NOT NULL DEFAULT '',
  `other_validator` varchar(5000) NOT NULL DEFAULT '',
  `default` varchar(255) NOT NULL DEFAULT '',
  `widget` varchar(255) NOT NULL DEFAULT '',
  `widgetparams` varchar(5000) NOT NULL DEFAULT '',
  `position` int(3) NOT NULL DEFAULT '0',
  `visible` int(1) NOT NULL DEFAULT '0',
  PRIMARY KEY (`id`),
  KEY `varname` (`varname`,`widget`,`visible`)
) ENGINE=InnoDB AUTO_INCREMENT=3 DEFAULT CHARSET=utf8;
/*!40101 SET character_set_client = @saved_cs_client */;

--
-- Dumping data for table `profiles_fields`
--

LOCK TABLES `profiles_fields` WRITE;
/*!40000 ALTER TABLE `profiles_fields` DISABLE KEYS */;
INSERT INTO `profiles_fields` VALUES (1,'lastname','Last Name','VARCHAR','50','3',1,'','','Incorrect Last Name (length between 3 and 50 characters).','','','','',1,3),(2,'firstname','First Name','VARCHAR','50','3',1,'','','Incorrect First Name (length between 3 and 50 characters).','','','','',0,3);
/*!40000 ALTER TABLE `profiles_fields` ENABLE KEYS */;
UNLOCK TABLES;

--
-- Table structure for table `routes`
--

DROP TABLE IF EXISTS `routes`;
/*!40101 SET @saved_cs_client     = @@character_set_client */;
/*!40101 SET character_set_client = utf8 */;
CREATE TABLE `routes` (
  `id` int(11) NOT NULL AUTO_INCREMENT,
  `line` varchar(255) NOT NULL,
  `origin` int(11) NOT NULL,
  `destination` int(11) NOT NULL,
  `distance` varchar(255) NOT NULL,
  `travel_time` varchar(255) NOT NULL,
  `other_info` text NOT NULL,
  `fare` decimal(20,2) NOT NULL DEFAULT '0.00',
  `active` char(1) NOT NULL DEFAULT 'Y',
  PRIMARY KEY (`id`),
  KEY `fare_id` (`fare`),
  KEY `origin` (`origin`),
  KEY `destination` (`destination`),
  CONSTRAINT `routes_ibfk_2` FOREIGN KEY (`origin`) REFERENCES `location` (`id`),
  CONSTRAINT `routes_ibfk_3` FOREIGN KEY (`destination`) REFERENCES `location` (`id`)
) ENGINE=InnoDB AUTO_INCREMENT=3 DEFAULT CHARSET=latin1;
/*!40101 SET character_set_client = @saved_cs_client */;

--
-- Dumping data for table `routes`
--

LOCK TABLES `routes` WRITE;
/*!40000 ALTER TABLE `routes` DISABLE KEYS */;
INSERT INTO `routes` VALUES (1,'BUENDIA-LIPA',1,2,'3','','',209.00,'Y'),(2,'LIPA-BUENDIA',2,1,'3','','',209.00,'Y');
/*!40000 ALTER TABLE `routes` ENABLE KEYS */;
UNLOCK TABLES;

--
-- Table structure for table `schedules`
--

DROP TABLE IF EXISTS `schedules`;
/*!40101 SET @saved_cs_client     = @@character_set_client */;
/*!40101 SET character_set_client = utf8 */;
CREATE TABLE `schedules` (
  `id` int(11) NOT NULL AUTO_INCREMENT,
  `bus_id` int(11) NOT NULL,
  `driver_id` int(11) NOT NULL,
  `route_id` int(11) NOT NULL,
  `departure_date` date NOT NULL,
  `departure_time` time NOT NULL,
  `arrival_time` time NOT NULL,
  `status` tinyint(4) NOT NULL DEFAULT '1',
  `created_at` timestamp NOT NULL DEFAULT CURRENT_TIMESTAMP,
  PRIMARY KEY (`id`),
  KEY `status` (`status`),
  KEY `bus_id` (`bus_id`),
  KEY `route_id` (`route_id`),
  KEY `driver_id` (`driver_id`),
  CONSTRAINT `schedules_ibfk_1` FOREIGN KEY (`bus_id`) REFERENCES `buses` (`id`),
  CONSTRAINT `schedules_ibfk_2` FOREIGN KEY (`route_id`) REFERENCES `routes` (`id`),
  CONSTRAINT `schedules_ibfk_3` FOREIGN KEY (`driver_id`) REFERENCES `drivers` (`id`)
) ENGINE=InnoDB DEFAULT CHARSET=latin1;
/*!40101 SET character_set_client = @saved_cs_client */;

--
-- Dumping data for table `schedules`
--

LOCK TABLES `schedules` WRITE;
/*!40000 ALTER TABLE `schedules` DISABLE KEYS */;
/*!40000 ALTER TABLE `schedules` ENABLE KEYS */;
UNLOCK TABLES;

--
-- Table structure for table `terminal`
--

DROP TABLE IF EXISTS `terminal`;
/*!40101 SET @saved_cs_client     = @@character_set_client */;
/*!40101 SET character_set_client = utf8 */;
CREATE TABLE `terminal` (
  `id` int(11) NOT NULL,
  `name` varchar(255) NOT NULL,
  `address` varchar(255) NOT NULL,
  `contact_no` varchar(255) NOT NULL
) ENGINE=InnoDB DEFAULT CHARSET=latin1;
/*!40101 SET character_set_client = @saved_cs_client */;

--
-- Dumping data for table `terminal`
--

LOCK TABLES `terminal` WRITE;
/*!40000 ALTER TABLE `terminal` DISABLE KEYS */;
/*!40000 ALTER TABLE `terminal` ENABLE KEYS */;
UNLOCK TABLES;

--
-- Table structure for table `ticket_types`
--

DROP TABLE IF EXISTS `ticket_types`;
/*!40101 SET @saved_cs_client     = @@character_set_client */;
/*!40101 SET character_set_client = utf8 */;
CREATE TABLE `ticket_types` (
  `id` int(4) NOT NULL AUTO_INCREMENT,
  `name` varchar(255) NOT NULL,
  `active` char(1) NOT NULL DEFAULT 'Y',
  PRIMARY KEY (`id`)
) ENGINE=InnoDB AUTO_INCREMENT=4 DEFAULT CHARSET=latin1;
/*!40101 SET character_set_client = @saved_cs_client */;

--
-- Dumping data for table `ticket_types`
--

LOCK TABLES `ticket_types` WRITE;
/*!40000 ALTER TABLE `ticket_types` DISABLE KEYS */;
INSERT INTO `ticket_types` VALUES (1,'SEATED','Y'),(2,'STANDING','Y'),(3,'ADVANCE','Y');
/*!40000 ALTER TABLE `ticket_types` ENABLE KEYS */;
UNLOCK TABLES;

--
-- Table structure for table `tickets`
--

DROP TABLE IF EXISTS `tickets`;
/*!40101 SET @saved_cs_client     = @@character_set_client */;
/*!40101 SET character_set_client = utf8 */;
CREATE TABLE `tickets` (
  `id` int(11) NOT NULL AUTO_INCREMENT,
  `tkt_no` char(32) NOT NULL,
  `schedule_id` int(11) DEFAULT NULL,
  `seat_id` int(11) DEFAULT NULL,
  `bus_id` int(11) DEFAULT NULL,
  `route_id` int(11) DEFAULT NULL,
  `passenger_type_id` int(11) NOT NULL DEFAULT '1',
  `ticket_type_id` int(4) NOT NULL DEFAULT '1',
  `amt` decimal(20,2) NOT NULL DEFAULT '0.00',
  `jammers_id` int(11) DEFAULT NULL,
  `status` int(11) NOT NULL DEFAULT '1',
  `created_at` timestamp NOT NULL DEFAULT CURRENT_TIMESTAMP,
  `created_by` varchar(255) DEFAULT NULL,
  PRIMARY KEY (`id`),
  KEY `status` (`status`),
  KEY `route_id` (`route_id`),
  KEY `bus_id` (`bus_id`),
  KEY `seat_id` (`seat_id`),
  KEY `schedule_id` (`schedule_id`),
  KEY `rate` (`passenger_type_id`),
  KEY `route_id_2` (`route_id`),
  KEY `ticket_type_id` (`ticket_type_id`),
  KEY `jammers_id` (`jammers_id`),
  CONSTRAINT `tickets_ibfk_1` FOREIGN KEY (`schedule_id`) REFERENCES `schedules` (`id`),
  CONSTRAINT `tickets_ibfk_2` FOREIGN KEY (`bus_id`) REFERENCES `buses` (`id`),
  CONSTRAINT `tickets_ibfk_3` FOREIGN KEY (`route_id`) REFERENCES `routes` (`id`),
  CONSTRAINT `tickets_ibfk_4` FOREIGN KEY (`passenger_type_id`) REFERENCES `passenger_types` (`id`),
  CONSTRAINT `tickets_ibfk_5` FOREIGN KEY (`ticket_type_id`) REFERENCES `ticket_types` (`id`)
) ENGINE=InnoDB DEFAULT CHARSET=latin1;
/*!40101 SET character_set_client = @saved_cs_client */;

--
-- Dumping data for table `tickets`
--

LOCK TABLES `tickets` WRITE;
/*!40000 ALTER TABLE `tickets` DISABLE KEYS */;
/*!40000 ALTER TABLE `tickets` ENABLE KEYS */;
UNLOCK TABLES;

--
-- Table structure for table `users`
--

DROP TABLE IF EXISTS `users`;
/*!40101 SET @saved_cs_client     = @@character_set_client */;
/*!40101 SET character_set_client = utf8 */;
CREATE TABLE `users` (
  `id` int(11) NOT NULL AUTO_INCREMENT,
  `username` varchar(20) NOT NULL,
  `password` varchar(128) NOT NULL,
  `email` varchar(128) NOT NULL,
  `activkey` varchar(128) NOT NULL DEFAULT '',
  `create_at` timestamp NOT NULL DEFAULT CURRENT_TIMESTAMP,
  `lastvisit_at` timestamp NOT NULL DEFAULT '0000-00-00 00:00:00',
  `superuser` int(1) NOT NULL DEFAULT '0',
  `status` int(1) NOT NULL DEFAULT '0',
  PRIMARY KEY (`id`),
  UNIQUE KEY `username` (`username`),
  UNIQUE KEY `email` (`email`),
  KEY `status` (`status`),
  KEY `superuser` (`superuser`)
) ENGINE=InnoDB AUTO_INCREMENT=5 DEFAULT CHARSET=utf8;
/*!40101 SET character_set_client = @saved_cs_client */;

--
-- Dumping data for table `users`
--

LOCK TABLES `users` WRITE;
/*!40000 ALTER TABLE `users` DISABLE KEYS */;
INSERT INTO `users` VALUES (1,'admin','21232f297a57a5a743894a0e4a801fc3','webmaster@example.com','9a24eff8c15a6a141ece27eb6947da0f','2013-08-27 08:35:46','2013-09-05 06:52:00',1,1),(2,'demo','fe01ce2a7fbac8fafaed7c982a04e229','demo@example.com','099f825543f7850cc038b90aaff39fac','2013-08-27 08:35:46','2013-09-05 06:34:16',0,1),(3,'yankie','5a51e03713d250b961e1f706a51bc838','dandy@imperium.ph','88469c14a541cb48f7bd00d94be4eea4','2013-09-03 07:40:57','2013-09-05 05:26:09',0,1),(4,'neil','db684cf96914fce8df7d94353f73edfa','neil@imperium.ph','b53ea05e32611324124bacc297d498f7','2013-09-03 08:56:11','2013-09-05 06:53:58',0,1);
/*!40000 ALTER TABLE `users` ENABLE KEYS */;
UNLOCK TABLES;
/*!40103 SET TIME_ZONE=@OLD_TIME_ZONE */;

/*!40101 SET SQL_MODE=@OLD_SQL_MODE */;
/*!40014 SET FOREIGN_KEY_CHECKS=@OLD_FOREIGN_KEY_CHECKS */;
/*!40014 SET UNIQUE_CHECKS=@OLD_UNIQUE_CHECKS */;
/*!40101 SET CHARACTER_SET_CLIENT=@OLD_CHARACTER_SET_CLIENT */;
/*!40101 SET CHARACTER_SET_RESULTS=@OLD_CHARACTER_SET_RESULTS */;
/*!40101 SET COLLATION_CONNECTION=@OLD_COLLATION_CONNECTION */;
/*!40111 SET SQL_NOTES=@OLD_SQL_NOTES */;

-- Dump completed on 2013-09-05 14:55:21
