-- MySQL dump 10.13  Distrib 5.5.31, for debian-linux-gnu (x86_64)
--
-- Host: localhost    Database: jamliner
-- ------------------------------------------------------
-- Server version	5.5.31-0ubuntu0.13.04.1

/*!40101 SET @OLD_CHARACTER_SET_CLIENT=@@CHARACTER_SET_CLIENT */;
/*!40101 SET @OLD_CHARACTER_SET_RESULTS=@@CHARACTER_SET_RESULTS */;
/*!40101 SET @OLD_COLLATION_CONNECTION=@@COLLATION_CONNECTION */;
/*!40101 SET NAMES utf8 */;
/*!40103 SET @OLD_TIME_ZONE=@@TIME_ZONE */;
/*!40103 SET TIME_ZONE='+00:00' */;
/*!40014 SET @OLD_UNIQUE_CHECKS=@@UNIQUE_CHECKS, UNIQUE_CHECKS=0 */;
/*!40014 SET @OLD_FOREIGN_KEY_CHECKS=@@FOREIGN_KEY_CHECKS, FOREIGN_KEY_CHECKS=0 */;
/*!40101 SET @OLD_SQL_MODE=@@SQL_MODE, SQL_MODE='NO_AUTO_VALUE_ON_ZERO' */;
/*!40111 SET @OLD_SQL_NOTES=@@SQL_NOTES, SQL_NOTES=0 */;

--
-- Table structure for table `AuthAssignment`
--

DROP TABLE IF EXISTS `AuthAssignment`;
/*!40101 SET @saved_cs_client     = @@character_set_client */;
/*!40101 SET character_set_client = utf8 */;
CREATE TABLE `AuthAssignment` (
  `itemname` varchar(64) NOT NULL,
  `userid` varchar(64) NOT NULL,
  `bizrule` text,
  `data` text,
  PRIMARY KEY (`itemname`,`userid`),
  CONSTRAINT `AuthAssignment_ibfk_1` FOREIGN KEY (`itemname`) REFERENCES `AuthItem` (`name`) ON DELETE CASCADE ON UPDATE CASCADE
) ENGINE=InnoDB DEFAULT CHARSET=latin1;
/*!40101 SET character_set_client = @saved_cs_client */;

--
-- Dumping data for table `AuthAssignment`
--

LOCK TABLES `AuthAssignment` WRITE;
/*!40000 ALTER TABLE `AuthAssignment` DISABLE KEYS */;
INSERT INTO `AuthAssignment` VALUES ('Admin','1',NULL,'N;');
/*!40000 ALTER TABLE `AuthAssignment` ENABLE KEYS */;
UNLOCK TABLES;

--
-- Table structure for table `AuthItem`
--

DROP TABLE IF EXISTS `AuthItem`;
/*!40101 SET @saved_cs_client     = @@character_set_client */;
/*!40101 SET character_set_client = utf8 */;
CREATE TABLE `AuthItem` (
  `name` varchar(64) NOT NULL,
  `type` int(11) NOT NULL,
  `description` text,
  `bizrule` text,
  `data` text,
  PRIMARY KEY (`name`)
) ENGINE=InnoDB DEFAULT CHARSET=latin1;
/*!40101 SET character_set_client = @saved_cs_client */;

--
-- Dumping data for table `AuthItem`
--

LOCK TABLES `AuthItem` WRITE;
/*!40000 ALTER TABLE `AuthItem` DISABLE KEYS */;
INSERT INTO `AuthItem` VALUES ('Admin',2,NULL,NULL,'N;'),('Authenticated',2,NULL,NULL,'N;'),('Guest',2,NULL,NULL,'N;');
/*!40000 ALTER TABLE `AuthItem` ENABLE KEYS */;
UNLOCK TABLES;

--
-- Table structure for table `AuthItemChild`
--

DROP TABLE IF EXISTS `AuthItemChild`;
/*!40101 SET @saved_cs_client     = @@character_set_client */;
/*!40101 SET character_set_client = utf8 */;
CREATE TABLE `AuthItemChild` (
  `parent` varchar(64) NOT NULL,
  `child` varchar(64) NOT NULL,
  PRIMARY KEY (`parent`,`child`),
  KEY `child` (`child`),
  CONSTRAINT `AuthItemChild_ibfk_1` FOREIGN KEY (`parent`) REFERENCES `AuthItem` (`name`) ON DELETE CASCADE ON UPDATE CASCADE,
  CONSTRAINT `AuthItemChild_ibfk_2` FOREIGN KEY (`child`) REFERENCES `AuthItem` (`name`) ON DELETE CASCADE ON UPDATE CASCADE
) ENGINE=InnoDB DEFAULT CHARSET=latin1;
/*!40101 SET character_set_client = @saved_cs_client */;

--
-- Dumping data for table `AuthItemChild`
--

LOCK TABLES `AuthItemChild` WRITE;
/*!40000 ALTER TABLE `AuthItemChild` DISABLE KEYS */;
/*!40000 ALTER TABLE `AuthItemChild` ENABLE KEYS */;
UNLOCK TABLES;

--
-- Table structure for table `Rights`
--

DROP TABLE IF EXISTS `Rights`;
/*!40101 SET @saved_cs_client     = @@character_set_client */;
/*!40101 SET character_set_client = utf8 */;
CREATE TABLE `Rights` (
  `itemname` varchar(64) NOT NULL,
  `type` int(11) NOT NULL,
  `weight` int(11) NOT NULL,
  PRIMARY KEY (`itemname`),
  CONSTRAINT `Rights_ibfk_1` FOREIGN KEY (`itemname`) REFERENCES `AuthItem` (`name`) ON DELETE CASCADE ON UPDATE CASCADE
) ENGINE=InnoDB DEFAULT CHARSET=latin1;
/*!40101 SET character_set_client = @saved_cs_client */;

--
-- Dumping data for table `Rights`
--

LOCK TABLES `Rights` WRITE;
/*!40000 ALTER TABLE `Rights` DISABLE KEYS */;
/*!40000 ALTER TABLE `Rights` ENABLE KEYS */;
UNLOCK TABLES;

--
-- Table structure for table `buses`
--

DROP TABLE IF EXISTS `buses`;
/*!40101 SET @saved_cs_client     = @@character_set_client */;
/*!40101 SET character_set_client = utf8 */;
CREATE TABLE `buses` (
  `id` int(11) NOT NULL AUTO_INCREMENT,
  `name` varchar(255) NOT NULL,
  `seats` int(11) NOT NULL,
  `number` varchar(255) NOT NULL,
  `bus_info` text NOT NULL,
  PRIMARY KEY (`id`),
  UNIQUE KEY `number` (`number`),
  UNIQUE KEY `name` (`name`)
) ENGINE=InnoDB AUTO_INCREMENT=3 DEFAULT CHARSET=latin1;
/*!40101 SET character_set_client = @saved_cs_client */;

--
-- Dumping data for table `buses`
--

LOCK TABLES `buses` WRITE;
/*!40000 ALTER TABLE `buses` DISABLE KEYS */;
INSERT INTO `buses` VALUES (1,'JAM-T123',66,'T123','bus info'),(2,'JAM-T124',66,'T124','bus info');
/*!40000 ALTER TABLE `buses` ENABLE KEYS */;
UNLOCK TABLES;

--
-- Table structure for table `counter`
--

DROP TABLE IF EXISTS `counter`;
/*!40101 SET @saved_cs_client     = @@character_set_client */;
/*!40101 SET character_set_client = utf8 */;
CREATE TABLE `counter` (
  `int` int(11) NOT NULL AUTO_INCREMENT,
  `name` varchar(255) NOT NULL,
  `value` int(11) NOT NULL DEFAULT '0',
  PRIMARY KEY (`int`)
) ENGINE=InnoDB AUTO_INCREMENT=2 DEFAULT CHARSET=latin1;
/*!40101 SET character_set_client = @saved_cs_client */;

--
-- Dumping data for table `counter`
--

LOCK TABLES `counter` WRITE;
/*!40000 ALTER TABLE `counter` DISABLE KEYS */;
INSERT INTO `counter` VALUES (1,'ticket',619);
/*!40000 ALTER TABLE `counter` ENABLE KEYS */;
UNLOCK TABLES;

--
-- Table structure for table `drivers`
--

DROP TABLE IF EXISTS `drivers`;
/*!40101 SET @saved_cs_client     = @@character_set_client */;
/*!40101 SET character_set_client = utf8 */;
CREATE TABLE `drivers` (
  `id` int(11) NOT NULL AUTO_INCREMENT,
  `name` varchar(255) NOT NULL,
  `contact_no` varchar(255) NOT NULL,
  PRIMARY KEY (`id`)
) ENGINE=InnoDB AUTO_INCREMENT=2 DEFAULT CHARSET=latin1;
/*!40101 SET character_set_client = @saved_cs_client */;

--
-- Dumping data for table `drivers`
--

LOCK TABLES `drivers` WRITE;
/*!40000 ALTER TABLE `drivers` DISABLE KEYS */;
INSERT INTO `drivers` VALUES (1,'Duduy Pahulas','029292929292');
/*!40000 ALTER TABLE `drivers` ENABLE KEYS */;
UNLOCK TABLES;

--
-- Table structure for table `jam_data`
--

DROP TABLE IF EXISTS `jam_data`;
/*!40101 SET @saved_cs_client     = @@character_set_client */;
/*!40101 SET character_set_client = utf8 */;
CREATE TABLE `jam_data` (
  `id` int(12) NOT NULL AUTO_INCREMENT,
  `jammers_id` int(11) NOT NULL,
  `date_used` timestamp NOT NULL DEFAULT CURRENT_TIMESTAMP,
  `points` int(11) NOT NULL,
  PRIMARY KEY (`id`)
) ENGINE=InnoDB DEFAULT CHARSET=latin1;
/*!40101 SET character_set_client = @saved_cs_client */;

--
-- Dumping data for table `jam_data`
--

LOCK TABLES `jam_data` WRITE;
/*!40000 ALTER TABLE `jam_data` DISABLE KEYS */;
/*!40000 ALTER TABLE `jam_data` ENABLE KEYS */;
UNLOCK TABLES;

--
-- Table structure for table `jammers`
--

DROP TABLE IF EXISTS `jammers`;
/*!40101 SET @saved_cs_client     = @@character_set_client */;
/*!40101 SET character_set_client = utf8 */;
CREATE TABLE `jammers` (
  `id` int(12) NOT NULL AUTO_INCREMENT,
  `first_name` varchar(25) NOT NULL,
  `last_name` varchar(25) NOT NULL,
  `birthdate` date NOT NULL,
  `registered_date` date NOT NULL,
  `validity_date` date NOT NULL,
  `id_picture` longblob NOT NULL,
  PRIMARY KEY (`id`)
) ENGINE=InnoDB AUTO_INCREMENT=3 DEFAULT CHARSET=latin1;
/*!40101 SET character_set_client = @saved_cs_client */;

--
-- Dumping data for table `jammers`
--

LOCK TABLES `jammers` WRITE;
/*!40000 ALTER TABLE `jammers` DISABLE KEYS */;
INSERT INTO `jammers` VALUES (1,'enteng','kabisote','1990-02-05','2013-08-27','2014-08-27','PNG\r\n\Z\n\0\0\0\rIHDR\0\0\0\0(\0\0\0v\0\0\0zTXtRaw profile type exif\0\0xU\r1DT`|ʉVR:HF־F3t~?& ^XY!y{.	&\n^l~EgDڒ>hi#A,#L5;\0\0	iTXtXML:com.adobe.xmp\0\0\0\0\0<?xpacket begin=\"﻿\" id=\"W5M0MpCehiHzreSzNTczkc9d\"?>\n<x:xmpmeta xmlns:x=\"adobe:ns:meta/\" x:xmptk=\"XMP Core 4.4.0-Exiv2\">\n <rdf:RDF xmlns:rdf=\"http://www.w3.org/1999/02/22-rdf-syntax-ns#\">\n  <rdf:Description rdf:about=\"\"\n    xmlns:exif=\"http://ns.adobe.com/exif/1.0/\"\n    xmlns:tiff=\"http://ns.adobe.com/tiff/1.0/\"\n   exif:PixelXDimension=\"640\"\n   exif:PixelYDimension=\"552\"\n   tiff:ImageWidth=\"1\"\n   tiff:ImageHeight=\"552\"/>\n </rdf:RDF>\n</x:xmpmeta>\n                                                                                                    \n                                                                                                    \n                                                                                                    \n                                                                                                    \n                                                                                                    \n                                                                                                    \n                                                                                                    \n                                                                                                    \n                                                                                                    \n                                                                                                    \n                                                                                                    \n                                                                                                    \n                                                                                                    \n                                                                                                    \n                                                                                                    \n                                                                                                    \n                                                                                                    \n                                                                                                    \n                                                                                                    \n                                                                                                    \n                           \n<?xpacket end=\"w\"?>bH\0\0\0sBITO\0\0 \0IDATxw|ǟWջd˒&˽ኋqÀM5%N7 JB	$@6cmm{lٖrtmǞN\'tnsٙgfgfv&etJ5()s  gWM^DQS)рz\0{vcЭL+)`(abbNnsǔ8)e[Ok$̏jfbbô2LLjQڡC;k\Zb*&.6\0k%\Z[јSF>s74V+Ĝ2-mu[q,iߴuܮ!FݸDzӶ$nΨgw|NWM$I0JLL{A9:_1IwY/[]BB<ZAA\rNgK@As_玏qRJ((X&0C)\01\r0&Q\Z`9eeYJi&A!>>*W\'jԐ@cxxJ)J)@)PJTU\'N!ò,q2\0@PJ`G,q,0T˲Fy1-~QMSUr$x	 ?8VW~yFA.	t;Te&|!0RMdEҥKvvVrrJbbBm>uرc(0\rx\rGi,+YYY]6v:9rIIA8.mnMǵT̾C\nsU8MɛY%-nykSi5gN?`A׹s(/!?d[xSohM$+ibnUr4<$@)UT=ztXe 			sr:?qBQUeJ(UUYұEEm6rg뒕uIYQ95G8j~?&͂Mg)IiTKt?+nͷ[Y\rE4?nv/5}cRtΛx΀~GW91M5?ο7cPw[3 R[]u^fj\nhu;\\NG\\p!hBjB3UUg}4qYRxg 4]D&r<v)PJ)0Xm\'MZ[MWy^`Y4M8&)Pc9x=ve}ESE4w⌗63?~o\\vKƂ)U\\ڀ?}GO?,r<%u$N@!]LµT@/^}x	۞=$~K2s5F/^.fSkz=>}o>+@G<UdZ7WK凕6+\" +.)=5Ld߱(q\0\0rQj>FC`\Z4U#.[=rEǍ˲\"	0j%Qp\0\0zO!:\0pd6$C.n\0r4vtyySRUܞzY\'F`M\\S3(.[QKfG,\0%k\Z\0˱l77Hfyo\Zp,D\Zp\0p˷~;QG|u.If7%TlaW$\'\Zm<ۖ5cVoXek&%\0g\'	i\0!gMa9-lqf\r\"g9B=~b\'\'@{3iԫ:\0PU}jaHpk,3l	3m9U]2L^p!\Z`dfFU5ْUUQ)r6+5MkV\'jUYY!׎|)ybxPkJ-|U%&0_<\0(GWzy13KWٛnpҦ\'n>\'\r]-=:9|18^ԛfO5*UXkT\nAEdEK]rSsWv\\3w	*#/n_(tÂwXQ&xt[6.Ϫ5G~mK,MnlhKMuK?LCKѲga)VTbi?q\\8wWI&.\\[Yoܧ7l&_N#/l$VQ샯AݺZ9\0e&\Z HaB\0_j<.DS+s[N쮬#\nY7viT锂̬Lϧjjiׂ}>_VV딂YY~\0\'/.g|&N󼪪,]ӣԣWh|x!w鼇n)E{~&ܡZ$hYS<]%[RΣ)ػ~uE_%Mm\Z>߬!]\n&g\rJUZ/\r^\0Ӏ[gv4\0?>D%hxu:{^(^~x(I]ǯLݚa%@4\0:4K=\0[4}jZ/OJ+\0\0$+K7裳ڈ%&pmeK\"\'R&z䶎bd=bdOSj@50NB,?~~qٰ]dbK	G_ܗűøH}-\0XDDY\"7-:0Y-J@nZE	GtK\0@uB	፨>ȿ&N}[tfasRY\0(yRgyn\r/V|?=gD ^	x5iOܻw\'\\mjQGɣY£/tݟP0oѶ,L*u\0}kb2ыZG}$\'eN#17LHm~]U1v4>E\Zif\'\0Qhm3+\0@ɗ93{>whOqD5h}MN}\'>;6(~ma͜f$|&V\n0&Ǎl=?<*k2Yx/ ZjH)\0gUz>o~㈾I	\nƔ-0Ync˼Gf$LJ1|_Cq4 $qưy?Pd+G|fIyr~͆j\nMv3p\"K~G,jb:+\0{6/+޵o=Ϸ\0ȑ\\fZ<FBDK:]\0C\\En:\0ؽU^6Ɯh\0t÷?LK̾n+~ ^YY*\'k׵%d\'\nmGȄ\'v>;% 8Raz,Ҳ]?{xaY02~Ju\0`v1oPE(G(a\0|^+a~x*efoßvB,/j]a]\0aX{G|+(.2tڽC>IXPUaq^e+nؙieZhx9\nDτE/vM}Tc)@ICDWA\"btשZ\0Exk\0@rI9;/\"\0@cc7*\ZL>	t^F-4\r H;4*܇,S DWt^!3G.~ZRr-,[[ubz^~躦k8\0eٺ:q\0[e\\\0TtMtչXVOPڱo۟\02.*^\0IY<\Zј4\0JdѪ7T\'\0`NMt]o(z\n\00<,2$D0ƣ:(#/ISKT4uH\\gP\0\0ډ=z]U\Z3;7o^+,m,aLf\0P}\n%\'/<jn|^\0@3e\0\06Kņw?`oX\Z-ܘJ#emeT#zR?iUЄ\nT\0b[ܳRV9tTYB5/\0\0\'D|uujua50x$!JŲaæfE4jBC4JU5m΋O|Z\0enP?xm&VO.qC-oϏ>5\Z,8\\Cg&?_889rUk?6w=]*C:ڔRp6B\"γk˧~|ໟY/vȂ(Gl[\rc?z*-Xbf@iqk>^:xfk#կ\0Hvk>Zw#l}n~U/N׿Т-mQ\nɋ\"u#3,1C|F\rAk:Da0,є,2cWwVwu	j nqӕnf\0ŚI!p:gRD,[StZ,6`~ǲ,cB	!^evҪ[{pi`sW䦥\'W^t׵{%-<G~{me\0\0UV\"Ww>cdR9ϘAA0y7^1_Mw=tR\ZnȝɊLE	|\'dc}7\'9ϒ$A9Jws\\C_\"Zl&\0\0UV)p=ɟ# FTYDıۿl	&\nK%	/ηlMnKLLxL{,2!hA~̨DQxtOUFEX^p1¯OU/(:!]v14\Z߭DGx^$eyQ\0@=za9&?nO$2xܲFb2˲[&qVtubE,,\0ߧ*bx\0]Q|jø2,KfAdߧ)$5Ɇ\\By](#fO7we2#X]\nŃ\'5\\WUQnBʚ,V+ݪd35/2%zYFJf1rʰh$¶\"e9A~\0AUUqAD\0m]qh$)8KeYBCV,zOs+LVPEudee ~)B wĠTY<\0P^Tˈ, HG9e[y(i,-P@bݫ[?s&K0\ZS8`hmM,+Pc)\0!u8j(H$cG@kjj5MX%%~u>]w@-{.qqVƢ/NF##ґ<`bI<+	,˰,\' Lx`̓hj:QYx5}B)pUTB)1<\'	u\n#\r_SuboQD+\ZAC+BQatfs¨0Re(JD?<Fj^[E\'$\'K)\0%:UQra:FOz42 OcC)%DQCA~Z  F;  y`T`A9z4 KX4 \0# \n0  (   \n0 \0#   ( \0wc-;W<3\\*FRE{! _clDa/{vuAP\0u}K;{߶\'+;	\0\0hu\'Ht	 ?Ix4ײ{nVrjg{\"Wv* #!C_%pØ^r!ޯ\Z20bJ17?bpt_TN.yfnɂZ8y\\0vzz+w]V*2w=+Ni5RFu1#;;]qor(32`M\\Z<>ƪ!r1j0qhϱ?4K/zrRJ^)7?5d|V0X_=D+|\\-7G3#E&~Z%PJ޼yϯV\Z[+g;\ZxU\'بvMx{g*\0\0]Xz\0*}=+^1ôSO<V5uۇ\0==.r\'߻\0w}U\0\'W1%8ww\0@]8PO\0r_vC9([3m	=f>zoc[\nVwi޷~Vcܕ~ou=R\'QJ=+~=v/SWUN\n\04ggJ\rǧ\\zcIP\0\0}}xj~R>2\0\0|9r \\\0,\nW\09\0\0MOOV#mo?2WRKf+>L!\Zz,!_˜պ4wda[q=ug}`b)ʃtodl8C9HEA>Jڂ%Ĝȇ;vIv,z72-|ngW|tS|aoN^è7U$9ui{]%M<`#p;!Mᮋ*zzlOP5A:\03!?ƒkw%Ƕ7o|{óSd	\r;Ͽm\0\090,Uh׳5O8Pa|۹3^կ|{8KRT0n5kN0FWI.X931rQb\Z CBEϸ.^ŷ>-06{Z\0\r\ZVU[:_\0\'ibGi|;RՔ#K_suP]X[*hG9@=?i/}wGcH`HP]6-AC0p$]+g%$\Z?t3,|͛keu,0yHg	5\'UJ++DLxiZyrsxX ;BiYVAJ(ƶ!NP]uӻ^~njL+\Z\0_v!%c\0PC/=<d\\}ޯPVj\\9}7gKpK#nF)UK^r6rݿwSRk,w?JP]%f9dee1Vxv=?\"A\ZK9[K\Z1T\rFpHNm쫥~D?iÿ~9O2nzf^\0{o64\0d\'ᯗ>yUQ\"\01pc7\0w)m7i=\ZT6Zsbχ/{!\"\0-w?|񟣛{ɏ\0`\n{-OKecL`)zhɾ-I\0\0&ۄÚG11-j\\x0F[fCϐ[r@8؏>Ԍv @\r:ڎ<ot]G=!h8tQUp5x̅m%v H3TU}g~Z`hs8°rleV,)V3AF_<O$$$,A~ OUV\r>l6?qqqrQ0r_rQ,˃>hQ=`A:kcǎ5w}fC\rF`A.qׯ_%KL8d2vm6\rU@`Aή:C]hԩSM&Ӎ7hZQA<<\0\Z5>9sd5kbA\rF`AΖlB\Z\\\\\\p\rR̃\0\0 \0IDAT$]qr^UrQx(tpԩS_o8\\$p	Yfo߄	$IB?AP9e~=zΝ_:4\0#r0_ñvy~/~xDQ4B-;Q\"O:5sL9cƌ;\'y~ƓH Bs	0txN<9cƌ}W^${})v=..l6㋱̸b!x<6-##cȑ?}>߼y>̲lnn[\\\\l6P0 g.a瞁7n߿5k|>> F}Ͳ=ɓv횐@)~wUWZjϞ=3gG|{5QxРAFBe333vǧg9?0A#H`#Qӕ$iĉ#F`j\nVB`A0\"I$Ih98  A9AA # \n0tT&k|U\n{v;\0.~*E^߽ǴpIKgjyxkM˫Pz6aе~V0~9g(xVߎETtc\Z	[Pzg_ٞ{CSg7͓)\0O_M+~T\0 U<WP~6vŌ3zz:r+yQY+(R	c;p[9{{z;\n0r1oy޿/2ڵ\\U0W8ս@r0L\r7R;K63~c,=\'w/\0}q^jer~o|d7d30nSJ1u{5b#R[Y=: >pwprGkW|Ȩ4<;is!P#lyn+w~eBo_JONjlZ&gަy<#=O\0e}zkJh&GlE/ml𽥱	~ǫOKO~yЊ(j^Z`OU\0@do:w?v]5u_k6\\1&};R!\nZ~m\"Gʍ4eZ\ru_?H>Ofv-~ukN)m=Crݞק&&R%NLI)q|9`w:Ν_0K]FwP~QF\ZR˟{x?_VG)u~5I_u{6y#l,tCu;*n&L_UQւU 5o9Nf4)Olߟ6ϛ-;9{\n3x_vaG^&Mِe7\\!:[BScFY1p%	͊[?[>.n{bgHE5MZ$Lշ{J~oiZ?!7,!zlWA9ڭ2,\\l<]NfH֞/+6\0;PF< WrE:\0`^W`\n[DƝ_Q`7wz}(k\0Ɇ3\n+$h\'pi/~[R5oݻ&I!WO7-pc0+;y\0A8Kc}{>^<Ɓ)fޖg\0KuӒ޻u3vmi6uoh:E:ϻn?c9e~[y6{Υϖ+V9tV%lT6jM^X%\0k~Mkn|GۦwHFI˒wz͆#ul{?ĜN5h7B*6ldQs=د{uv\Z;B7ʵok,u꺆S..K+wnY$oeac1jYk>\Zu:bv\n0|Ͳ%@,÷gɃ;\rxt]\0=Y՚c.s\0!9/Y|v\0l)֦o5Ih\0@HOnf{Ö\'F^KFe~[y־׏h53g==UJmJle/$\'$\0\0qdk8-\Z&J2ktɭ_|]?kx&uI\0L}KР_`VKn!s1{\05Y/h9`6&,g&]6}]!!Uǿ2lZL\0@8d[f<ac$l{wMkg^z؏\0_p-Wo\'+|{ڥV[ZE;{Åq~eӜ\'Z[n0\ZcM2=E{\n̳%79_K#Bj$)lõM(MJ\0Q\"<-jT4/IK^[tݠhݯa\0@GjИq=Vw\\#m1Emå!syʩrv\n9\'6Ə<i∌Coea_-;VzBKVI/O^ƺCZ4{p|mJf?S\0[=}.>)5՟\"l{x~Lͻos.|]^n.nOw[;=m=z*jh9G{_=⾂{6z#ѓ\rWy</P׌NacNa(y$?hM3r)e=nϱcpHݸK/ˋ<Pl64nncoo~)g.:vP\0p>Ί+I}mQ|)/=إ>ߧ$36F|Oȹtt:$\rE\n/.4	Cֽ=E\0S{OM]nXsac×?~s\\8)-havg_Ighoi.jȡ^MJ.k˿KNW|_oY\",-+2ϖ&3\'da)l3u3Thؒ-6	9~	#o\Z@/~/3?=^˸x&!w=6~^l\r],Jn=rjƭ-cv/%\0qi1q.C]\00}O귨VH*otWW\\jm_폽EF݂q]^XGx(x􀑟8ʡ0z3xco4\\rwYOT\Z	r~=࿿/{\r  ǐA0.B~CM:I>ߍ|jԚH\\1O.SL RDq=~~c9gnS.ݾxcv_܄ኽ1V\n0	<9j. 9191`8[^+_`~vҟw|))|Vn\0#gphHw@=-N\Z$$k%DiZV\Z\'CQCD[H,͂D	s.bb0BҀkoY^ᭂFKF+w\\.HQSG0t	GR`\\´%o̷$]FZ	v+\\F[!nRP.>xJ\'OX4-cD,jMˠ:1$:FAi/%z#En\")ًAB޲ύM}rk	_[C)`;%Saws>^1 j5V\Zԫy9YZ\rAT|ECB#)M˘!66iT\'p75N,qZ&0QЉnQeb9g-QჂ82ax7oZEMZh唾n=93xaws>^1 ւnJmx\ZO7`ՆmAcHhZj:1ϧubԒg=Pk!t-zTcYAjsUE[WaFH2)U;Z9M19g>lVs\Z\'k3DZЭYoCYh5(ajw#)M˘!66ZՉ1Ml|iĴiK>M&/*1!t-zTcδJ1 j-|PlH2)UD;/p`h!=?R1^P[R.ް\nҬo1T%AFBX4-cD|вEPh$x>cڴ).P~dġP-l$q~L3G^ͰehGxs\"):SvΒ_awpRя0f[)z5gH}#u.ԅ\np Rࣖ1C\"ml~\"NSy{<1m(\"51rd\ZLqZH̰1*|ATdf]6V뇱4Jћ/*R{]uAG\"I56\"3&rQ+۩rcr0TG#r!a3b7>zc[# ȹ=`AAF~:`<A`Ӧ5 \n0rf8_aAPeDB\\PFAP9=?ܾK->\0Zw_l{]\\c׺srr-}ǶOxSިooҀĮ˚_U:qC}[v7~Ɗs+f9==^oW7w+}\noyAP;*&OS%\n \0>!871iDR?XAAP?-\"\09\n ܁81E9#~AP|6c({vDAwA#MŲK[1#m 0 t8p4B3 # \n0  (   \n0 \0#   (   \n0 \0#   ( \0# \n0  (   ( \0# \n0  (   \n0 \0#   (   \n0 \0#   ( \0# \n0  (   ( \0# \n0  (   \n0 \0#   ( &@A`AAFAAAPAi?<SYYYUU\\jrJJJ\n\ZAA>\\իWo߱\0RSz1z贴44 |VشIQQ@IIѣGO޳gO4 Ϙk/\0(\0v\'?~ \0I4M1Fdgfv3~X^ZrJYV \ncݫW6^EQzq7>1Gݽm \0!4˖-+(:3+=s5;77wyyy0W:ك&EApV4M;~xiivSN<χMq\Z		&O޽;!8d4M |z׬Yյ\0E19#awԉe?~|ԯ5raB]Ν;K\0l6\0e洴4TeA7~\'GE9~@yi.;zA4mӦM%F	&X,Mӂ	߾}G.{B\\޽\n#\0_-_>uNdE\0(/-JU\\\\,Inߺ=fƺ_Mf5\0-))9tٳsss	A.pV8P^ZbL芢8rȜDEQTng_[.\Z:(J׼#Gy^UePAu \0TTT9Rt},\0v_TWWc |!CA]}uuu6mڰqCMM(n{%_\0_<>##xWgu\0Щ$O)DQ٬n\0DQܽgϚkM (^\'+wQ{ev{jjjzz\ru_\0Gw@߾}=q\\MM͡\'[xS˗/ߺm[v:dHVV \nEs׻j$I\rYpw\r\ZRjX./%%EU&]v7Ms)((`Yj.;]VQ.S\'O\0#\\pw8j7͆#i$IJN_\0 +=_~<!puշG?enݍ-999OcC \0_\\=NYUUSSSJJB֮]{PWQ>EE7pCNNiQ㒓>_,BAP;i\Z޹ah$I٬,|ǏoڸY>EE]w]nn,@PAPl2ArBXFW\0PXT:\"(ڵkiݠ&%%N>=\'\'\'RjbiͯUT5>}F7z䈾}^$ƄjK#eYBĪfL&(t۶f{ܞ=)9\0]%I:8U~\"Rf&&&bD=Ғ-7mڴ\"l8\0y~կ!\\\0{%wvy߳b媚l1o߾^o`Xe,ڶ}{uPԴ \0(55XpĉV5܊XXXϢ(رck.6lԨQ4PGnX۸R~))))A.Z[6;y斁:\0\0\0fEQcf8,+og%+=k׮A_OٰaCh =z\\ve\0`i,B,ZTf޳gOMMiٹKAH\ZyѣG.IkBo8X\rN@aQajj!s}v#6&))q)qqq,\0@y^Q:W6	K:R?eʔ8\\ !H;Fl:eee*G/OX---\rNlnݺI\\ӧWo:F=e򔂂x4m-[:\\]8p`0NCue˾\'A/YYYYwۢ\0Œf	\08n-[T%K\\C}%I2S_\r<XUU)?x_/^%yj={`7EX8:\0kVVVfMMIlogN5nݻh}-[,EOYcxر\"ϫJXNuZ7n\\׆Lz +=s!)~\Zۼy3: >\0EUWi\nϋNsWjXtbp6ܤ:uwoҧEU***[lW^1O>{Ujjm6ۤɓRSS~p,nٲeU		ͤ7))a8055uӦMDE.=#\r;+ E!%7x\0Eo߾SNN\0ud2(ҩSI&	zA(..K[?^\'ٓ&OX,ݺuSU`X5°`2<Ԇoәֿ_#Gc=zHIL6HjG\n0 \"<_<].;n(>7 ߈\\cz^~ɗ_zj4ydccBB¤Iztuggfffɲh\Zϲ@X\00L\'Ob7Njp\0\0 \0IDATv:i>}X,YUU5^!㠢<x3=A^I[}3*0?AUb?W᢯޾}F*;gΜ[?xݺu\0\Z!UUU_~kd>bniРAǹ;++N	B\"A|1voٺ-\Z<[\nc5$IӦMÏsssA1bDff7|cȑV\0jjzݻC_6a~cxVUmwq6\r{* E{=t0?~5[,P_]eYNHH:e`+--\rVUvk3z?s!e˶l$b	+g6l .K4\n\0\0ٳ}G@EQ[Ի7 zMxAE54m׮]n\0|^oϾLO4$rNNμHf,ˡ{N^b>}zFF׋٩Icѝ;wnp\'&Q,))YxasEQsL#\0\0B^NpT9zTQ\"ˠ7G\rASJ4\r\0Z@@}^?ǳCIL_dٺ\rOYCz6lX\\\\D27Y#G~O8mA`^E1]r*UII\n\nX%`<bDib<wD)ZmEĐ>}\r<P$eYV pwڵa㆚Z&\\2lСC\"\\tl6Ii55DQqTgeeu4PzdѧzA׶YPdc6t\Z\0TFbϗ<cu))^7))SNG9t\0\0ԩS7o>p 4KQÇO2!!\\w\0\0nOYE)(,\'N0)bXE! j\Z\\\0:TU8Ȱӄ]Uu\0{\\رcG}}yU)0<z<ݻwoݶ5\Z\Z<tȐ\ZA.F4-.. ?oOcǎ!CtֹGrm6mУm\Z\ZLCiC5\0 $\06kPڨqm߱$4~pRRƍX,;A.Fug={lV?+9vlÇHfC/-\r`h/]U5M3T4ɤk6u=-\'rv\0APUСC{5}M8=#\\\0\Zrrrjj6ƍ{ab.uEjh\Z\0\0Q	1567HoЁns\0?~ĉnݻ{>c<dؐwAl<3z];wjqС\r6w&>_kߐENhglFб/Ǻ\\cUl7a옞\nEAcE`A˖-3V*޸c,nQ}}\Z/TP4e٠+2qAu]( $f;vܨ#q \np\0E\0@dIFs.L%?l4mI$̆\"ݞ\Zœƫ%\rA5䠦ʊ4Jِ^B5\rk7{g^^/ݻ7>k rq$C]tҿ_?\0lٹT^ŜLóWDT]QUUu]tZP}\rUUUUՠ\Zh:	\ZGYClAcFy޼\"\\/I4rҒ}gyOKK>TrpYY-_TS\07syvHS`\0:}СCQzAOХe977wvEQvv;@vcpvǎ>OTE+_TYNbk7\0hW	\0n<.\\WW.<dؐÇ\"\0GT,%%%\ZZU~dcC\r1SQ<mM\'Q`eˊ!xXMU67~t=%rT9 HcȁyMM66V:-i<<8%1PEپc:Bc|>\"Si][SkF촴4v H4\0!Hԭ{`\':(tNNhxڹcwؼWNBC <רW:Q5=T:zh\\rs233! _E:(B(ٙ6-<҉X5; ,;|p7j\0PVQ^]8 ݻuԩAh\n>l$904U`|o߾gA$\07C	(bOȮڹMEy:ս&R3iz*9ҴR\0u4HgK&M$/yK/a%\'kjM	.޽g~oOJȈ4}k i=zC\n{}A&Fhl3	9ci\nUD)cuB:=pⳀXf̞J\0PMqzj+t)R ΐޅ39>^$Ipl~Kp?eY5Pu#sޠfsJѣGw\\9o	AiEw<w?oHI,ْmٱv<Odl5UlVnT2*IS;8:۱#%&%K\") H<\Z@?NEIS0ݸ}ѺU;#+zBfS).}pCE!].fZ>VFw܈_̬\"H&ɇqU0߹,;u#7\ZZ[r$LSeߚ{_4>233CAq\r-o[]۱O	ކ;uڕ\\<gqe#CmCe ri$3=kT>\"kgL?p~\07D̐Z-W-\rouʕؾ\0|xr u]lފ i Noc=+E~YҏP-&\ZF:lpdpcq٫}?e\'>?	e| VܥӹLv\0x(>v]~p1UuC\0j+cdRVUTG\0Ƕ.^(\'>O_ bG曇fie>MӒuS_j(<9y72+k\r\0i\\GHq\0Ύ\0zg&Ϝ^deWw=Z~W<d} ;\\7Μ=;wb&PUl:!j+zsǅT*ć?LSAN,FPv]]]d-Tj/^t`[»\"n]Sn`!r\Z0\0@VJ!s\"]`kmbSr3{ܫ2۬ V^ܥ3{F&Pba}/X\\5Dy\ny7=33c4LA\\_jtŋWk!@>_,گ;/8L\rza-#*j03Fuպ\rcZP_ޕRt6ǮXtcVa+eێ%s嫟=k䀸<7_wLv=[J=\\m6\\=P^HE1CzB*4T?]aA	6MʊH,,GKּO\rk:&zD5kdȫᶬYt^l	0u@ص!}@]#ÝXX\"翥-NJJW_zZ3R%a[.ڳ{Ν;tuڨuYi&wС	\Zv& ގ>\0EQdVTNh`(7xJ7\\״#pKJ	#E![f\ZNփ7L:38Nd0tkqL+k /gEpZ^Vfv{EMl]riێmHӪNMMMLL$	\Zs& ށP*W^y啹?ԉOl5jKkS5M;²\'\0p\"O</iY!й~CӼ5ok@L,s䲰]8b\0ZX \r@R`Y}\0<d\\ 	X8xm}}iq[yzmXKo0yi5La^\0A8/+\"P\ncWQM7R	L\n]z\Z\0sk\028硢2J	\0`IcL o_a_Q.m\03-UL^ ض^{⥋]KkƆG?S###[e_>Suι,q+Ԧp>rNU^Q[)ɖ\0\rdI\\O3\Z]\0(\0Tk}nrkUS+Rd+].AM^rx2b3v}W:rO\n7m_\0MkofSqQ-ʩ8\ZB5/j閙]5oLx1E&31.\rbaVʬ哕09\r}0|D]+Aĭr`3=rС!PzǉS-D8Tjaż{v׸QJze_Z.#(:VW\\O3\0FNZ˨WbFaԩVu*ɎNYA\rpL*~X.k+h;Y:m>cd\nng_~>rN\"ʌAxˍ51ɌMHm.NWƝ&iYHZගveSMnEZ*HVN+02VZW#tAZ}p#\0c]X:}G	0bxtl_6e#y\0bڨx/WjD.Bcõʾ⸸і0q0ҳfb(dkFK/]nƵWSlDVAčf;8{ck;=<d.M?֯Vmq+5F{nyprWaCw_$t5\\O3Xe3\'3{s>rE.@HbyǍ1. V\n!l2[{2Ou#]W/\'ٝTߌ\ZYʴ6r__n-s{\nc})dԻ`H3Ea\r;=D#֑q2W%AsGƎ. fGyY8$^@\Z;W.μԬ߉^z=\0ٯ7Ƴ@ZƕJca-91h5̶v0pHlP]vTF&T\0RÙa5d;4-۸R]va]M(%ZvX9k7oTZsi;7Yr9J [\'.T}sEhӇ]Xz?&*p{qs81y&exTmP)4nh<P&\'&{8]]$\Z@/Zy3?96X>mJy+o-yr	VNٟN}c1. 	xe52zа(LW<?{SO#:3]\05\',jl}#rNž⠽l#I*teƕ[=Ohv璻\\ ]g+r\"خ9bl5%`ҿz%}ӅBA\"w;+%\0\rM5܅3+Q:-C_{Lʈg7jk!h\0oV՗/]>_޷nMl\0} VF|x|qr6?vt5\0\rk\05j=zO}ktbrb`A7ޱ|Mi*!bYWhJGb~\"p%.JF:a,]IK)-^^t~|ތUVLpZI5?crͼ>ty_5-QC&@Ec	Y<M#\Z\0Ȑޛ0WsAjLA܊||ʛفDo$tIT _d.F\'z\n\r8\r`doϼOs52%idn]5̌H!ytv!7\\U\08vu讫/_E9`Ds0\"\0=7WlDA7Wj@:Bjd2Ųz&r<\0ҩC_(l2.po|MO:}Tטsgyaf䄁ƽ]-D].\00ē/*,.dh^=;;PAqcdK\ncr6t8d\'}gŨ\0|D≨ݖCb\ZMHW+\nsy}E=\\r)ݷV+7ÌtrW6Q}t4	\0p8u~?$ n[kNHr	a#[y˒*\007f i&$A}o,Lgi{?zpap)&rѾr@0uˑ˫}tA7-AiyUfn$,iZ+]b@$~4W\0b)7é4+x}PCxu+Y^#-hHZXAhJW	h ;׾DwEaXieaINZV/ʛD=l]<]q-VuXl+xo>;~(tAA70ȑ\'@ZUꕐrJoI<\0ɐ Sbd`0#}-ܬ::Mb6y<!sD넊݀KN\Z~K.ECA\\3&G(m`\"$>*+#\\>3	`C:]u둸:5;:FU5\\Bwv\0߱ד9ބM/tA7 n$ǎ~Z؝~FZE\Z\0˞\0d[y.=uM\0*bd\r?l8]Kn:QUETk5T*R@*DbP35t8)/+\'x\"ХCAܬ,:֪6rx4W\Zbn7\\qEI]Wk\ru{b4R}DkQ%B*J5I$~\0.---uCAt+2tק|$PxT\r7.~vp=\\T01\"x׻2өM%T4yn .`\0Db߶rPV?\0IgQ~smyǯjykUZA9}\Zdh7ӥCAv&=r`sW^i5Zr[Aηs[<DRvg{n	+Ў]XWRр< yeՍ儬Ю8^__\Z\Z |\0i>92hdRW0oP\\B2$ +\\SNk-;v6.rm]Z  nHk<\ZWֆ\Z\0Xu\0e65KW@\"@J}~}(/,,,	 [!`yG\'N*LUBVPٳV[YfrjX^{3KHf#\0K!\'p\"H[wc%~Lf`8}-z#a\'\06\0֊KR. VI~`/eiL4y̽E1ۻ`0Rk8eԻV?W9\Zgnʛw;\n1gӲs\0\0 \0IDAT&pOz+MWG,bCǯ\"ܼⅲӭ+\Z9(	5Q}bוet [!{jM:yz+\0ބTt_af>\0srCtx>ٳ(Z\"L \"Gw(R,X8ιܐV_^mG\Z8O\0p \'%Aq̣ҤJ	}$E%_~@\"e#Y<=}Lfy{T2aгT\0i]3\0Mp\0c,bL$03epI\\OVz\\	Ay~C9 p{G& n}UK^\"Y/X񦼆+FǢ[ipT]g]q\0Ik`\roy)8|\0%ucq\\XZ8猇1dH<n[&W*x\\ڥ5OK={\\`믊2kjUf\" x{>N5Z{0H`2)	YN?buRxi&S\rM\01\0_ʜsdgٱůJ\'k#e\Z06UxW ! n!lCG[B\nrgy4jd6s+ίNCj\Z^HeoI#%{IVHG7*R4\'3\0tzqA\rnzљ7~л9\03\"ih\"oɲ)*cLeLٲdǢkRBX\ZI,.FVv{` MU\'(\'z(+ڦ&tqr<ju\0r*фg=iu\r!qAl6VVVfV+ˮx]u+o4MSW˲rV6ɦ2iBd3նYCFs,nv7ͦtA7]O\'%]nηs ɭZr<\0VuP[λˋW^Yne\\.7իm^$6\'M{jjj(0::-L󃓓1Vb[cg\ZW̮u\0xֲIWAq,, *Kݝ^!Fۘ8yxrJq\'ҫ.fR\\Y0|XOh)amGt.Z-(ⵧ|~ttlx0>rl\r22S J&	 hͬ9tHGY&\00π8IZ%Wu-t@c$td>}\ZߗF\0ݣ\rNK\n<?\Z, 1(aݣ<5WU{-OoU.\' \n&to❖j?<;f_]7N7yO2\0N	u\0dkH:Q~u~q@&6]=AM0\0LnP^l(_۸[Tcŵ)c@/0F:.c#եWĩbW9mi@륣A&&-ތ`~Puz uKEjV&bAZߢ5_H}{}Io/B^ldX*ב+`VNUU $&tTcW#QXZ\\\ZFnדg͉\'X58)Z\Z{euΨ-L@wk\";7]YZ62:z6 A\0Fƞ/I\\|c~:)zL	`\r!1ѻ_~=NhR<J,n&ج¸AyMH5-FcNhRP\rpJgl/9\Z.! nQVH?(BKgCy	[-^9fF˾|lL;Ħ:k2sw\\3嵮K?OmT@k,+ѥCAܢ\0JjwjŜRu	Pͻ|w0yh2YFq\0-^+o8\",%B8V]3t8rC@&+%B@&UKe`h̞	t [\'`EN\n/:\025hȇ\\OXLѶ]\0Qmkf\r䝶\0ZuoiE\ZZ$F}\ZF4H/o\09l_{~mgwR)t w}whQ(vU1g\"5+iWQd<SPRʍeOOB46\05ʾj#t#\0p\ZHpVөV<՘*-\0oh֞GכGҔfHȇ\rqgЫ.3OLNNҥCAa7 Z[z?n؇{iKWm߈m9W[Moy_W~{p\"۴i\'	hH7k+e~ks|zJtANFjMg{6:Fis=\Z⽁|??\':J3Mn9wlJ˦4Qgx_T}_2m\0p*.ٿv,@_v9DA2cOX\\tt;7ia8OѮrm^4F~;x_Шmg͟8p3\0-=})	 [\"`\0lI>\0W<\'Sru:_ʹ=m1CG?{8+nx/R9/6`1o~zrw7W\ZtAB2dh(ה40K̜<1޽`!c&xʳ\0%{h	1avy_+޾bK+)d2/=z4pg@`[sЕDAt,fy\ZFQn-\rw9꙽gnJ9S4yr|KNoF(tW;~nF$ VH\r9rHfZjsj(P駺~7Z\n\\Zss\\h%\'3:Cp,d	 [!`\0|W=EҐgmR@>r͇gb\nZWý$gSHpi+o-<W\' X[ .A\0;rZ\Z:qZY׸n!k}p}75Hg|gE\0\nK|*3oN<\nw\Zxuybu\\ r}R?5)UX32UVkoowab4w.B3%S$Y\0p\Zp\Z0\0\"?(i\rw\r>0Fʏ4,VN(Z˙|/`lvmbߕѿC_suj~ltP϶NpE0|Q;9=`tIA7]$̤,IWQ2e0RH\Z)MY̤P88&P\'w\n[	\0/HӬ[+ukeY*8㟶zcڷxtu=ϤbR4\0$ơ.=j賣yMO6vC>8Ľa\Z\0Ew\0tz\"CAw|IN_X]~%[|Qa?ۭ,m9:h/Lز9ĉ<(r{2<<jX^Fٳ\0\ZgK;\'}kp=dFu,!s4,_z\0F>vv(Urk7</\0>O=kyS\'75cW(CAčISc4^YEbh35#Ƣe$CcPr/G-phϧFwvOio=f\"iďJJlӵ(f1ĽlOaG\rF5\Z	\':;:4EHAT{!\0G˲\0(bX\\Kcg2Y2 [!`\0FvJLnKJJQBE,FA9-~b3@4SH3\'wa%g r\04_h\rNY̎>2Mnps\0M.R\nwwo}IJ<..7we9&	 kܐ0̧`gmTdA0bNh\ryFLe]x-FyPzX9\'vVC\0PBrW;\\^r6n+=\0@k)#I+DrEW\\D.a_Ǎ/_\n~])_￿R&*¥M\\LA7O\0esRѭ:x_Thuд#^dr,f̭\Zf&ٜT˾ĦNJcU<xmǮ\ZfFt4pk(vmϾxr5}蓟$c}jXģ3Zq3k(LAn4\0H=kA&Q:HZdA*R OIex=1+,^pTvQ[PE<3Ԛ3nOTI_\0̭E\Zfhpǋx$/7\0Hb/_\n\'Ci\ng~~7S-Wr}q9s訞eHA-N\0D\"=+ar_Zq\rvհ*w%akDZJ\\X#kj|ctb;d5n[{dTr7Tk\0>|%nA2Ӗ}n՗9d_ ]0iJ҂\\:[I5SP02d<Pv#݀2S&6f\0o\ZzMmcrs9n%.9^&_Wӯ\r\r]L3åN[Fʠ x fujOCfu^wi>I\0#sM*$ Tt@Df5k.oF^[nԅq}T|7Wdk$N.+P>?k_җvb_\0BJ%\0r5 x``@csN-QR,0\00uFu&v|Tgf缁k]y2xޞjga߿|)ÓCyݻsܗD\"?0hh/P}h*QHDAЇwyr_)O24qḑo880\0\0\0\\lֆ[~;\"L\"כLeaQʢ*׼裏꺾Sk_{e]isPn/AqNN}|Py߾7mab\0#DXf]Y<Q7ջ9(s\r{8tPG?ӧdޗj	$ 60\0ؑ#GFFFo\'7=˫tK?gt1::\'7*۽R<ݶz_3O.|~ttsُ~Ba7~|m>sߤw(7۹	 	XP(/С?=8\r\rK劐q~4@l_ufV޼f뜅z_+h\n#}W?}r}ϗ_ku\0	SjA*`\0?~|ff?nƁҧ9?oY3<f:lf۵=퍼Œzf-csb.Y֮O|?+}\\i<E ,rO8g}晿ߟ{ctp_{)лnY_||~X]-ݻw߾\'|)wx|^M挱\'% \n?ԧ~3?O{?ECc+z5c:\0	(V\0NaUKe]Mabyttcsĉb7ua_\0{\" $:0cW?}Gj\rǬ-TY>;jH?8*nTKݍzU=#{?vȑ#4v	N9\'/6JȾ\0rDAy$dw*sծݱ]9=VO_-FCefbrrbfzzrrccctzˬ3g66ƏQI 0ǅ;O/WWk*\0(2T`~pxx8\"ݘ .Rw]=A)DG.5|pf&9}}ιys1,7ָ]4\Z/-n|9HɜIA)B%W]Ndw}L\0cLouTdH[	8x89H͟	 ;J\\:y.oL?q|F5|pMJ9d:-% _?g׻;!EoϨ8.npMR\r psq^W˵zz wyщ{n/ A7\\Ȫ,);Xu|/3B[wdis{/l\0A\rO৩;IU˛QuX/_._yO//7ѕG=>>|LjdX]L0Aq_\n|栕I\rѠJPRiMO!|ި8+9jxfQ*KVB7;|}@e\n]@A\r0\0zb|i%q$D!JE.8Qs\'c1\'b,++3QMAR	8vp,Ը|u<x?hJ8H͚[~c-?O! y3mo|<.:|D:VC	/\\N[cߌ5AːZy)W|| wxf@&K;o&f2\" niceOv;.{h{,c|qMCV]~;\"On\0  n㊪!́чDNQVf\"#$qqc0\0¥ƥm<:3q& nQv34uxdݻ㊇f%B]Q8t\ZWk##\rQ~[AAwz\'惏:6:Ю±a5ewg+ϭ6*ppcgWsޡ촕O\' \n0eY,1Em  mΒdΘ:<?<\\?b3+9Ӗw΃B:Vsș]5&vV5E,)^4 \'0rC\0P4YIj($ EV\Z%xo	}^mKK5@jCtؘ$N\\d4cB*9,~L2|}nULv:둡mlC9t%{#:+,\r2I\\Qh V2#:UYkEr(i,!+ɿ\Zybv{q&O/57-g\Zܤu RdId\Z|&x	u&($^++ܕc&i]Z@cy1Aʖpp|#Sbw\'O[_ޘ;(pߒ.USF\'x%j3NUS]\\ors沄ěM\0H*2!텡h)s2 %`\0pGӴD\"A\ZS2r¥8n|®chM\0ѠIO =/\\ yais9\no;_RˋskRqx0w7ξMc^k\r	Sl,~\n6Y =\'``oz~:,u׷GD}/\0\0FIDAT%\n]iȯV57ڮ#:og PMlt]Aw!ntZo Sğ9W7(oirv\"K;GG+W7Dìfi{\05OA$sqsNY%\nE(AN=k6=TARfE\rðｲ,_]4c,QH&\nBc޸R+:oFkj{Iicl2g&zr2ɱ1RIɊȪ,)^ EQEӴZְmyf)3-+(lZ!殻cdz@܀{fU\'BEJIJLgTL^pt:8\\s۶u]MANjyAl\\q1vɚ؏F&AEIӎ煾/˲,iڻ +0dYʻKA\\E|fq}&	u:c}u1}!ꥵAĝ-親;	s0ňqz{znc@uR/A# b/ꦙNWqrA^9^2r[U5mog x{<h%yČK2⾃bۈ6\\8LQ,Kcd0%c pj}ƘeY;_,]\\盼lNV7ܼb1X(IroJBǊɘLLA<ިۆaľBz8n ^1ܩؾz+91piu8+\"b1QAͦyEэrnRm;·mSvD.\rn\rxqȲmcjF\Z& n;w-m[L͑z\\1(ʦN_2;VHqd,1Hl#nV3Ȓ^0ujƘ	 HD\"JժR^RL&z<(]חE\\OǱѱI$oo\01[iXBE,DwoOJι \"+ u}ddDXR몪i&j٠cAM^lXa`\05wH2֩U1U6jiUU%\rA呂\'&&֪j{\04,DJL	lj}2׋̝ǯ[17iuIAcjuP(YE\0D<ʝpE8zX\\eJE&@yyC\"p<r?Yܦo&zϮ:OiA-M*J&I$ժz~;9@-6tfEX;Xz[;\"lz1}WZ=LA;5(a|iS{V(Bq*\r/vj;UZ@6Zo/8:Ǩ;߿뺌D\"AAĻ#[T*J tRTIPLcy.U[;vq8U	ہXL+ybV9c!Эaq^wV}Aĭpo&nE[Ƹhٞ!M;qי7;Xk)91\\q~΀M]sn6\0AĻ/XHqqgd<YԵZiN훌;}/)QzluA\"L&nWx&m$Q\'lq>@iES,cŻ`!ku& x\'ܘ\"0\\_wvg+\0A<^[sLb;aox0}L[h7<9  6z+01ݵ Zsn2D{;Vu[\'쪠:tUPؼ%b|CHAĻ)`;V^|mE״.6w\0\"Z}+miK}&\nRZOl*|iIAĻ,`\0LfllevQ>2;n-ʧE9g\0|mjMAZ\0r:7\nǨk\Z=zӝ+ø5D-@eJ;Gw$ [\'``UU+Ο\n#.<10&4t[7<U&7#{˧9f3HP& }HRa,--~;L7E[NGNյKÝ&FS|*1uA<0 \rAﲀ2Roim%kvl>s>=/ۋ;Sp%\'	MHAĻ)`IdlbxES<`E[h7ƶ{=aťAxyQ\Z& eQP(drR*M\ro3@Zn[wI16WPVlufsvk&v(\rA\\VU*Zùqдh>[+y\0TUmm#\r\'	Q\\?=n-˲xb^LA	fiXuY;ps;#l-\\޵C][At\\wveٲ,UUföCt#E\Zv<s{D	LV\0MvgkkA$H\\^^۴Q9cLdxxୂ+NƩd:I%	e\"Hj5q޹o?\' H(FbZ&=3q&x?ҖԽX$HXU]%}^/ˢgzycL6@A ו,EQEӴjZlg_X.e^ÖqOAL&Dnz^}+Zwq03N% ީ j;̮(5s:Wu]u㸶뺾/N}chGRd&1YeUUuLal52\\TbqWq[Qs6\ZJA@&& \\]XXIIsWqS_R計bt7A{B̜J5MSUUuWTm_m۽zrp(i\0& aKKKy{dYk!1|z*EB̜;cn*WQYUظ(HVUuo+X7DysW&\"i\Z v}R͆tVb([(+eb#kp8}CVfYQ[-9r E^ nl4\Zf7<.\Zd2;ϣKiu]^^^rpW\n\n0~,(O9 sEzM;GT_|yllLl0|ےJcb1x(ʪbѱ+`zeY ܇ fZ7ջ9ի	&r\\Tl5\rj0LAcRt˼ۉ(P:^[[VT40A[q:rCaY#9eoj Hۡ껸IhAu\'}rK0q A;p6kpo|H9TJQx] 4@MEI4\Z\r!YEEM}g#՝jdDZoiN+	 .C!.ǫ7[;k*ʀe]T8cX~tAXɌZL9/D]\0$Q]VQ{,ˢt&mLA8&˅a*ZEhKH$1D\"aF=-\nfCAXZTD?䈇<im_sZQ1MӊŢ8񆃝ض:d2;oIAwBa`` ޘ(Vq<00000K$Ao%T  %Jno4\Z\Z\ZcD²,t-	 =$zݶm۶YUU,w]Ԉ  ~,n\"4-~A#8QA{^% 0AA	  A	  0AA	  A	  0AA	 LA	  HAA	 LA	  HAA	 LA$`  HAA& LA$`  HAA& LA$`  AA& 0AݽNPaWN:0F%^c+:t@#G@ג㟆qQU!泝\0\0\0\0\00\00\00\0 \0 \0\0\0\0\0\00\00\00\0 \0 \0\0\0\0\0\00\00\00\0 \0 \0\0\0\0\0\00\00\00\0 \0 \0\0\0\0\0\00\00\00\0 \0 \0\0\0\0\0\00\00\0\0\0\0\0`\0`\0@@\0\0\0\0\0\0`\0`\0@@\0\0\0\0\0\0`\0`\0@@\0\0\0\0\0\0`\0`\0@@\0\0\0\0\0\0`\0`\0@`gdY\0\00\00\0 \00߻by/@sO\0țۻrk]ʲX9\0^g8$י\roHlƇ˲/YNeYe9?\0lnkNþj&`WUа5XV#pj\nx|zzkeR}ZoS=gqoEQk^ojܰQV*;v}I-z?PM=U;h>֖&d\\7LKc=Z{ҾP``\'ۜ~;8kvn6~y K;=.Sc!ѺW c}nfۻh|~k5;<sOhc!uo	Fn4~]_J;Qjh<Ó_\Z6$[</>Ըg	x:ߚUVCQ.27y.:_׷oN<%WWKW]UYSX\'a|i}wJuK}PаA\n[Wc5gmmr_&էBG[V[E7>3%2>K]j-]Gy״kY{\'~b\ZRUL`Sc>`}c)9x瀟!hNjqXX= Li&Ek	C\0\0@@\0\0\06pe_\0l?q萵@\0\0\0\0IENDB`'),(2,'test','test','2013-08-01','2013-08-28','2013-08-28','\0JFIF\0\0\0\0\0\0\0*\0ICC_PROFILE\0\0\0lcms\0\0mntrRGB XYZ \0\0\0\0)\09acspAPPL\0\0\0\0\0\0\0\0\0\0\0\0\0\0\0\0\0\0\0\0\0\0\0\0\0\0\0\0\0\0\0-lcms\0\0\0\0\0\0\0\0\0\0\0\0\0\0\0\0\0\0\0\0\0\0\0\0\0\0\0\0\0\0\0\0\0\0\0\0\0\0\0\0\0\0\0\0\0\0\0\ndesc\0\0\0\0\0\0^cprt\0\0\\\0\0\0wtpt\0\0h\0\0\0bkpt\0\0|\0\0\0rXYZ\0\0\0\0\0gXYZ\0\0\0\0\0bXYZ\0\0\0\0\0rTRC\0\0\0\0\0@gTRC\0\0\0\0\0@bTRC\0\0\0\0\0@desc\0\0\0\0\0\0\0c2\0\0\0\0\0\0\0\0\0\0\0\0\0\0\0\0\0\0\0\0\0\0\0\0\0\0\0\0\0\0\0\0\0\0\0\0\0\0\0\0\0\0\0\0\0\0\0\0\0\0\0\0\0\0\0\0\0\0\0\0\0\0\0\0\0\0\0\0\0\0\0\0\0\0\0\0\0\0\0\0\0\0text\0\0\0\0FB\0\0XYZ \0\0\0\0\0\0\0\0\0\0\0-XYZ \0\0\0\0\0\0\0\03\0\0XYZ \0\0\0\0\0\0o\0\08\0\0XYZ \0\0\0\0\0\0b\0\0\0\0XYZ \0\0\0\0\0\0$\0\0\0\0curv\0\0\0\0\0\0\0\Z\0\0\0ck?Q4!)2;FQw]kpz|i}0\0C\0		\n\n	\r\r\"##!  %*5-%\'2(  .?/279<<<$-BFA:F5;<9\0C\n\n\n9& &99999999999999999999999999999999999999999999999999\0XX\0\"\0\0\0\0\0\0\0\0\0\0\0\0\0\0\0\0\0\0\0\0\0\0\0\0\0\0\0\0\0\0\0\0\0\0\0\0\0\0\0\0\0\0\0\0\0\0\0\0\0\0\0\0\0\0\0\0\0\0\0\0\0\0\0\0\0\0\0\0\0\0\0\0\0\0\0\0\0\0\0\0\0\0\0\0\0\0\0\0\0\0\0\0\0\0\0\0\0\0\0\0\0\0\0\0\0\0\0\0\0\0\0\0\0\0\0\0\0\0\0\0\0\0\0\0\0\0\0\0\0\0\0\0\0\0\0\0\0\0\0\0\0\0\0\0\0\0\0\0\0\0\0\0\0\0\0\0\0\0\0\0\0\0\0\0\0\0\0\0\0\0\0\0\0\0\0\0\0\0\0\0\0\0\0\0\0\0\0\0t{mzAq58/A^yWz$yנK\'z]:Y<y^ZB<fzB<*CʽPT<U=PQ=64#=z|e髜gOow!ԊKiPXmjgjg9SK6ř^xFm]Hb\Z[xPDo4rm<\0pk\r$,[*$V+oӓe4^^Sx~Ne7]L99zYRgSު<K=<2zټ}}<|ejܾV^;oJ\\};ybe%Ѿm.y{ۗX<_JDm㹯2z3VQkqivȺ=3p,TGi,lzz[EM{4\\|׫nH+v[759ts-z\0)\'{&_ks;jFsĐKIW^7O_-9ܮ~N޽T9݊lrIrm32dI6Ƭ	hYͣ/0wөe,aӆuyw֥IH6sh8Fsho)%Ԋ%7Az7,8t=jRq6Rs45VS:|zU4uxrrrekȍb^krW+؎Ys\n׌XӵY3orlWۻ8v%Q/5*\\kVV\Z9k&ؐx%5>\Z7S_oIex|oToAU}fy8L9r=7Sus|^_6~:s-pŽ?OYyv$(sQb$Źqts\ZR^k(}ݒ.u1gU2yTA:cպKޓxY= Y-yJv|IiC\"mХ뙱=nb׍]-*OksT;YUC.ҝyH+kss2.w{ڳͭW݆Xu5NHjV0lfLwbc1=Kܮ7\\`hbܡU;xhw;ݯlL\\>v<Yu}w6\rqsfMGO8ۓ;qd[eL>oz]=NtvI$㷣C^9]g#Z&/oF;mW˷l/Ox,Qnr٭fϟ^Jx~nj;8-8tnv`݃żU>~Nwߧ_XO1Ӝ}#O-k*[ug`t\'q%d ZzޛVgM;&e{e׮dΓh.Kt>]9ͣK{z\0_^Gm>{&4Pѩsdw9_^)~oҴyͬSomɇS\'{Ms|*T8,>sێW\"ZQ[;L;kx^9vĻ={מyNu,q;svW]m<YK8hz.y=41f:Tkk7(b)m,,.wMqgLq-㳱ߵŇˬVp\03gq1\"b9%g],s,g5מ+/^M%]%\Z͛Cq?uƶ*f\r֢O^<[Y\nk{M%\"OhoY	5\Z;tXjVsQ3NZ7im<Iؤ<˾Te<ߪNW\\Ejy۪c\'\\:\ZsԺv8YyQX31V/Q\Z\0A8:(/.c8ə:ܜݪM[s\\\0cԃ3k$zɡW\\[s&ךI1Wo[dͨ,>)+zi.8,^G%SohsVq_jzhԵ)ܢIv@Q$mk3.n\ngZ3Dsbh^,Lk,Sm-\'Fx;ǝǧ^6_[y^3i*K%|!\'}4\\eVt7.6NL6UUGRN>TkvVpF[Nb7\Z阭y#Z̰͍r(}TszJ;f]jnsAm9q-RNn\n귇nn7Fpcd,gWay$ƺklcU{\\m2x@ggG,ZKCϜM^fm̧u%w.j<KStb,ˤé4z\083r%5.md3ʚzZcMrd$ҼWu\Zt5z5mbg閱3b=ü5{iBvR]λDI1Exm)Y`C8;\ZfMMnmo\Zf]ȇMM\rvc\Z4ěUz8\\\"QE>hELi2g?c:.f>\\ۭkY:re^@\0\0\0MƦDٔy7#}ksɜi*U|cjWѬW7$Zc57DX-|OD:E=;p\\]Lֹ\'B8Rj420\r[`lɮ:359e؊iv=\"i6ij`1\\i&5ГfiBX`ep\0e02u5\0\0\03p\0gX`g:Q06j6j6s\0\0\0\0\0\0\0#\0\0\0\0\0\0\0\0\0\0\0\0\0\0\0\0\0\0\0\0\0\0\0\0\0\0\06q}pք|h\0\0\0\0\0\0\0\0\0\0\0\0\0\0\0\0\0\0\0\0\0\0&ո;ѹWrtѸѶ7\Z7V\Z7\Z6ɣ}L%؁,fɫq}L6ɣqaL\Z77\Z78\0\0\0\0\0\0OmWˍ·=w\'9ޥ<\rt$W{J~[W{$ޏ}\Z-}E75ޮS}UzX*/O_E>+_9ir.\r>b;jtO>\0\0\0\0\0G(9ny2]>WYO(Ӗv|{G}9/jEc^5ÅKԖ	of=[\\ƞ0|_Ou]q>\05Vzk雿˾=OKپGy\\ߘ?\0\0\0\0\0\0]GYfL7F9\'<g+V	tTrl\Z(ޭg>ib97*ܲ\0|r;{,>_W9XCcS[ǑWR[ܘ<=EQ~7T?;\n(\0\0\0\0\0ot!6RYGGT4סcǰap;&=y=OċIRbj^Y_;q6>Y}):}Rо|E\0}&vO=ez\0Oւ\0\0\0\0\03{8F/$<j&\\Em|\0f[OI{^q\\sn?Ov13xX@=~j_/:yG{EYr~1_xOmRG_B.=*bi_\0\0\0\0\0\0c	w&6P]Ҩŝ!Um\\XWtXaՅ0,樵[,Bj7ʰ=VsTZ1\0\0\0\0\0\0\0\0\0\0\0\0\0\0\0\0\0\0\0\0\0\0\0\0\0\0\0\0\0\0\0\0\0\0\0\0\0\0\0\0\0\0\0\0\0\0\0\0\0\0\0\0\0\0\0\0\0\0\0\0\0\0\0\0\0\0\0\0\0\0\0\0\0\0\0\0\0\0\0\0\0\0\0\0\0\0\0\0\0\05\0\0\0\0\0! \"12#3A$04@%5B`CDPp\0\0\0\0u#o̼6d4ׄμt4\Z=A^\rPttׄT/^P\"xEBT/^R\Z\r\Z^Rx=Bj-x=BׄT/N9^:\Z=A^\rP\Z7Cr\Z5Kj/^Tx\rR\ZUKj/^T/^	Rx=BzWԯ^	Rҧ=$qtc~\r(ǻlj$^؎\"xZ+K}W/ܫ+&}Gh@rqF4d\nZYଜ@+\r,V*\0_x6د>ðh?m;w?ib%LNp	1bykY\nUuoZ	X_u\"/8Etij.$=Hl\\{B8hH$|i\"\nj#Bx*OYdpWlqZC]D5\'HkK|`\\Ĕ1qzW%G/3eo;ԅIWԙbg36FM\"4\\c|uK칈TsܟQ6Ll!SIl[T2cJ)]$K!t@(a+EsLZytrjAOWpEwwVx]$u)ARe$#OZeUKP\Z%\n8E,Lt_Pje(R_$Sӻ`L`czLˍS!sѶ\rϐFhE]0/m}@YIiC\"tCe\rUZ<@x]T=R\r\"FrMը<\Z/-?܌-L4{{X%VQרlޞ\0c!|7[J*bl=SYNUPK3LPN׷+@ /K%bdl뫕RLe@W+SHDO1``~IYL3pf1ELJg\Z Ьm%RUͩ67.7&]9d+nt=9&My:f!I\n#hV+4(,g1_2l35C*:Ƒm>ZozWMc.\\ro嗷TFA&8os˨aln,gvU⦕J	nNLwұW\\1_\ry֫T6ꔰ3:H\\)D,a3D\"l$$йq-=-1ӶI\Zy\ZɋyO1[+S+Tr*\'e,scdpE2F2ZѷeƠUKnBcănzވٙ,QkĔbE$Fdk$Ny+2+B LI5\\\rtdq0=FZ|)\\=\ZQ@>xDRFtc\Z-\"{Hru<|o VcåS;ǇYFVZY<2w\n9WSҺj/mU;=ͫ8i\n8EE9{\"ffY+S?\'&|bg(ߘ/Xs㛒̭\"~MYrT)\\>jn7JMb: }x;<9MC~)*;;ĬJj? F`Q8gj99$jTɄMw9䬲XNheSj\0+2nsrɰ]Y,@rL5K[}0fMN,H9}EG!`t`s<@d)0X\"Ƨ\0-õ\'S;c<W\Z-i`U4q@+B+$~bz#-G2Bd4/ڠ}\'Fךo̧@>:H\n&]%DceLdd=bAݻ&ȼ>kJډPI^<(rsnڏzoN7q<L6MӺ?`vkxNX*6B(Z$6EWPꊉ/HKbA%;ZWR풡.\Z%\n9}BvLYF.@UӊmAѲE({*O\n=45 *?}=VP*fڛ6޺Q*3ʟ#uJʫGNy&am6	)A.1{1Oj\"wVj+8Y&&;:ʳ*Z&=L[QA}*\\uS͓O<oečbhR6·6XE;Y*\Z\\﵊,(eLlxa	h|2YM5K0b\n؇X#(	ٳ_]=\rMaqdT\'JkPYX\"g݃vҰݒ+=>Sϡ:FT<}bh{`B.&,Z\n@kKZ*ݓFG	Dt2VѱNr\0/yb\'CI\"u.u;CH&B	aRRJqNc\Zj?	9??Ɂ!+Z}\n/d;,؜ZR	2Rν.ceP(o(|y4\\)OEN]Uf8eɲ<diL2k9\\epAq]́\ZBuu3P*]!f\'HW;<|7;6r۸d6+N09\\#}@c<\Z2V9ˊ٠ȤXȚ9\06EȋKfT౮xHMGS(R\'jR\'jR\'jF\Zj9FBS$,/{ړ\"ĬJ,E#g_gT/n;^76x#|:$Dad熢d+FW1!+E,\0&<>eMD؞Z\"ԟ*2e.C\"ԗ\\׎*f).=u.YOC9\n{ܥEy7z+rˁfEg⾡T5jB*q&;[b\ZK$8cvɂFWdr$I}3VL̟/ۉr wU?ۥ+++\"Xefb\"^甮ba4myb:yޓ*$<b(Az%wUsF^bxMQ1Oښ7LB40eeeq5Ā>FnWaɔ]9o%8\\.uUwUozVJ2Dn$.H]Ŀ]ut\0DS\"d@T).ʧګ+y}g`D 97hU>Z[\0EO|8VVE9+q3wo Aߍ>eYrvW>F\04\\YF]75p¯u\'ϭrA\"tL]@bd.EN)ܥ5\\I3s,лbmK]\n(Gu}O8 #z\0ueXe7n7y>gٙ̒\'8W:!O\"lMḋtB,%q=8=D̮@pBFHIrb#.R\0צ{T6EՆZd\rg}U?luutQ)8v78J\\}1\Z]\02*H&2\rw+>5?(|뺓t_UDS)Oa𮮮V+JFy.	>Z}ҾF\Zf5L5ۣy	WNE.6{O%b\"l(Q1tjѶrF`,}(Y8ZeT/[F*)uÐCw(y/K񺺺%N\'XN;ɾxM6h+WJ+muT<71Ŏ3rv>R}Ƚ)~;MޣS8p:[ȳ)7Po.QNr5rjROaWi*[yJS{_bb97ഹ$t	S~\'V]\ZȺ+.97+oOd5.hweQi>B;l|8&z2+{B3e(||b 11.`[;~6Q!jmj\\w\rڱ	{/|V!={HD)ܚ7s׺ҿbAX.~\Z\roڗȹW!E]3\rJn[ll\0<WM\nb\n5Z65bݬ{S1\0&cݭt؉Mtt\"?zf++ -VXX,U݂ޢ;S|]݇w|lЌj\\Uݲ*`V*Xv5Yn;~oOڛսjb7VMR[6Qц\0翞[k,J 桊V	zP,zlœBɷ.j͊Yfвjk/j,%0-1NK\0f]]]]]]]]]]]]]]]]]]]_\06t2\04?M%z~bbJbَ>XV;XJ\nbV%bUĬ]%X⸤F7%bV%bv,\\vĬ\\vĬJ\0WB-\n:-ŶD5긶N-d@#U:`X59rhjQGjAUq@,6\\WԌ}&NYf\Z\\6=UncNn5ᠬZjmV,ZF\\MNY͕YP͕{ȭd\0H+K\"J7Ka}ad#iגvۤajڋ-KCkIRgh?,!+#CuA䌜xt_^-AQ:6,lpJGZUz4ʪ;vZѱ\0	TdwZWԴY}֠5\"ob&U+U\0jjtSm6}D>WhM삨C(x~\ZO\0\0KJv=̍g!OKp~WT_UcOZ(ZowN̥iԦ&E:SbS$\0\Zح\'y4#cB:JHdr*ptmqT2.YM\0r?R;\ZUA(Dڋkz]54x=#eTGqr˽쵳h4ob;\0jrj-%=8uE+j\"tb\0`:->0iJh+Yhkt--@Mȥ0%P{_GP6A_MURԟ\r,VC`Wk\0m̭[D5vQ%Mf{D$K{IuQT\rv4HE79kSN@G=9@}BΏ6b*ث:m:&J= Mސ(ܩtK\'_}9Icƺǩzb%Z婴\nuV@+c3tsB`\00tz2v,!nZAR8ڪ\ZrU;i2Y%S=S{VOO0P>S\0Q\0W47~KT;5Tc5V; Ð\0%eBŘC ZG=%ߣV?D%F\Z~sK.b[itzOBl+KT_&j&9ŹlVZJvZ\rƵ\'~a򣃝{)%\rdhDjZٶ6Ss{\"qB.-TOF\"3dkb%Ztꎵ4E춣T׊:OBUPV0xƣjn\"0iOWmS\"6_PIbb21}I޽ *P%)}Tђ.F(_WԻm\\K#dsW<Щ\ZFTe{Q*%BWsʝ#ܹU \\K#4[5ŧTfO(]DJUlb%]D)WAŧU*sʺ-=D˞R]D˨\0#\0\0\0\0\0\0\0\0\0\0 0!@1P`p\0?.)v$!	B!Cĝ!LBivO)sн3-?\"P!1qYe/t&VP`X}\'/C}11=_,R_#ɏྟ\"j碋t٪%\n# 0ܕ. EGt~H6]AKܙuZVk;	zo{1i?/ҿ3\0&\0\0\0\0\0\0\0\0\0\0 0!1@APp`\0?!5:M)utˤR.ȣ)Kr(<WTLr^We]BBjBꈥ)PLZ5DTBiv\Z\"Fϓ#aLp{Zz{E(Jq8<D\'bg\0dc6|h&*y\rS#GB$f}S\"k?K=]R2f(fNőȷt}!41c \"!t&v \ZЋ(	:R{hBq!D8SKTlnOkbNG\"Cn$Cg#L_ DOE-?i}/C\0]龯t}!my==b/{Zz^+ד&E?\0;\0\0\0\0\0!12 \"QqAa03@#BRbrP`4C\0\0\0?\0\\&?&y7Y77YgԲ^Y7yf?,gg켳uo~Y7yf/,g켳}oe7yf/,g켳}o^Y7yf?,eݛ/suo^Y7,|c\0/7\r>_o\0}|c\0/7\r>_o\0}켿e\0//7f/,e|e\0//7y)Ytn5q?\0@|En]%t_.TsMVNl)fWfߩ(9I%FfWզn2m55522TjU܍{&z̥YLFk6(VJIԪDӅ_e{Yf}\n`}ƕQUs]F1c,Md%Q~e*ۭˣ\ZZfε#d:}=eje[lBN/3{&Z3ifjkmZ1RxLT}!𥅙۔ufq\"\\C\'Wb\0-	Fs~:R<z/!*BJ5M\rE+ТLJ)*uO+΅ešEiBh(7wR-,#*IQ*7\Zݏ44+AFiQ)c}us/c33C=8uxf$㈧3JQP[}OΆ8#3v7\n	0٩q051ʵFEU0pM*Q<\Zz\Z]K\".fjdJ+T8{ZES)aIfh\Zgv!$N4	G_^NYPX=MP2j6#D[*]4G8\Z3c\'iSSQviWMMMHoؖhƴdV6B-a˩_ȭjMO)3/^-II.L+rUoI<ia^>b,L%9f)aI;8}Mx>,b̳&ߧMze).-!s|1I]W%ɘm5;4]Фc}v/a;77tRS\"롩\\9k#;c;a\0Q\0Scd\"W,rJiR6,,LUݚF90:.zqb33+88t*FR+a`ZQ;HI+p.-iФЧeB\\*SV,U\nT5dBpmbFn7\"Ȍԅ%L&sg%k\\4L%\"2%vp,-ʡ6mn}nφ}|\Z{+I#%3΄^e#6رSs)}e\0Up@h(.,2K1~eS̫23yk2__?Qt6OA,E>\"2(:3F5g5rkQBPQ!BιoVM\Z\Z#c3i7D5_q<\Z.f綗)7-IǵGėYvmAU4Fz]8Ư1ǡ1F]Mjo$Y͚,Z\Z!6y)bRR~ؔZ!Y\'͊%\rhpZ\ZL#;H\"2_uApacyh.	.,]!dhivdތXfւ4B)u?\'9K^+KO3VfiQ%#Ǖ1;vR}whiz\\|B7b>HMMoVRBT$EAE=n1ds$mTjL|vxpљd̥eCČM2rT{%tq(dUvCVj0QHf)mCaʅ.ℓ%Uf}a1T3>IZ\'t:[\\9bZŜL}JZ*2Ӓcݜ$h.mG6e,HUٚbȴ\'hiv;>K<D{^\'N\n_pcR1eh/DRQFI\Z]ݜdO3l\r歙FFVly6}il6]\\i[sÇ6rGi:_sx2E%fş3SnMʆEJ/N疄=\rMY?q3XW4ES2Ң662+kitEWBK#\n[\rO^Rn}m4}0|xYTsn7tl%3(HYf֯خ(-Tm%S=~C3eR.sS?.O*\n5j~\Z|OQMTy_fal#ؕfs(b#.BJ7\'V?JnwV3TR\\+LLA(z[A.,JD~SB3OC*Ts2yrN~iuF45σ\'5Nȧ^{ÅSLWbWJ/رM]ʮDإKKsQYK!Y2ɚF*}Nkh/Pg~Rh;վxo\'R8Otx[983%{ɳN?rZ831A},P9rM˧frg٣B\Z/hu9&21uSṾ\"J]6?12Ե>]wㆩlӃT8ΌeFgk#9;ث׏$bn~,M_Gb\'}Q6{*5n֞c%C??b>oe?jGښuI?2ftSKQߔODg/\'ODhf;ͧ_K_\0Kˆ]p(aO*a_ˊσ?.ũ;>W&\0%yPcNou5WԥMMQ+TW5FnFn7#y5Fi\0aUԧ/<8R\0dW8_?I?&}Lݣ4qa?vњ_444f\r3K6K]#Fh3Fh.њ3K4fm^N\nfͨJʉdڥWRQ\"U#ڊ8:ȳBO܈4D_4DLs\\J|H,n婡)R})z3DhڇHt2Z\Z+(o;HWZb˵%[H_TdH*S#RhXulFm\Ziu[+t\ZE{说t;]:uWZ/{]dӱYݥK|uHԔ\"\"ϵʟY	-.LZ5ФKG|I{v\ZK{}.4!*iutY>iwƅ\Zгuk?ru,lZv%\'u}Z/r]k߿G_֝VZJ\"wV亲wȇbnd!Y\ZȒ^Yo\Z4 T#]iuz}{ϸuHV7\nhZpV2\"3Rek˵\'ܴ2XVK:2̓]	w>k->oGӺҝVys\ZWYr\'S#?7]Ӻd;\ZTwϹiKR6t3͐BkشVe\"=֝˵dng\'؍Է\0uLIS*D)НzwLuZ,ꮰ],WEd{]җZvH]>}J\'.kz؅]}{*\ZȭqGt:tY$C6{\Z].,MƦ)JgWs#ѐ}~NDԺѫg=L3>4B3z,3Lr-JbB 2hyfn>bBy:-ҧԉ<4U4n5T><:r7/&)fBrfRF|Srj5\'Џ4t7܊hj9dѽsmQEhϨSt>ܛh>2>9E7C{+G&ʧF}Ism]ٽ}IRFsNfof}I+CH>g\0.\0\0\0\0\0!1AQaq 0@P`p\0\0\0?!\0tpk\'O?HL_~e\0\'az?ӉHD\Z稟>ҋj\0w??Sg?2\0C?bv?5Po}?LɣjP \0CCiSC?OG?>k>\0}\Z4hѣF\n)УM觍?jQaDRn\"ኈO3;MŉgAA*/[\Z/OǴ&\n;Ly	_F\rϠA\0~M,FNO19\0#ȴF-NTjPfRﱄTiQvDf*weAḁĜJU.s)!dn`9@uᆿqחFlJ*Q	ؘj2rEpnEh/G$D[,|EW|m\n\n -LgQ\ZYzv݁Ĵ%1\Z<\"(_A2p\\umd?QYOP8\"r%r^#\'٭f+,//S\\EHT15bV3\r28#\'\\\Zw\Z-0\0;Qnc-&«9쇊ŅY\0Mk3cTeVߊ*kaUp9c7FԼTp͸{uZ_+}(1u[7ċU,_h$g/D\0$`jfbG2{>\0Z\Zrъ*Wi/5>:Rw4w\rLպ꽍GP!laS4-//uJF#8|hY5F\"/;LU3ߑgVMY!20PS.=!\'BXJnp:<A=piEQYR3AX:?0]`B;J<ҔHYdDEIIiH!c^EED\0FBǙ3\'1F:F%22xlrWotkPvg2oz\\Y;AōLכ!s	^j.s4aŲJT+2K-xBrT߁-,B\ZF(\"AvB]1`vYKwLwXLP691}%҂VQU*/((A\'dPw{#ٸģd),W5j&GǩLq\"YDyn%`\'*fLn>o̪\\f )\n:6TAh\0K<L\nNeYOt{D\\L5<yM)9L^`\0\"ǒ<+E}U\\3 I{|(WG9cyf1| \Z56J5!\0̹ފidy\nn\'8&WȨsG3xb&˰5-}%]I}p-jX4ĸ#0vM18Y\Z\n=AJͰքbLtM6Lf/v^X}M0AJ_8|ަ&!V/wS3\0@U5[05[C+1+*|bi8d(8=^a$y	/XbA*bS\r9͗;\0L/p见<Ŀr^-W2h4cߔ55T.qU@hP7s5\n&.R41in^61p&V wܹt\nOY*!~qyW\0X&Aa[kuD@pR^6ҕ1MJ\01<v`+*=);[GGge\"X\\Хp0n`+y`oT;$܊$ʹ\\W0dB%9M}}bycg}*#%c4g\ZaxGDoC&qKxI.CvC⻰QeLW26\'_aet\"_r*%s[j5y:4c\nX8&1L3(jPp%ZyAhM15`2*X\r5	>`?QwtrSWc<.փٸܪm9JTj7y~.@֥xS\nɼ$H+̒7Xbi$aJOl|\"BQA2A|3GF0^e@XcSr$w)2GFˎ]j%ާaG6ZsNGJr9\'SP&&LpZA-YKeZCmޠ(wa]5)2RU7\0M4°x%Y==E0BS=\\W2o*Ϧd2_\\#\0;sǈb.?RdD)\0q3mҬA.ñYtfA0L(amǉXGKQ.+\ng9ʙr;1}Jb2aO\"v^7ƪe~WK%1+*<.:1rԱ=iLt~8GF\ne62el\nufĕd/-\'k=fDgDx\'\"//11EUv<KI_#<Meeq\0s;]>b\ZƎ2ʚfI-7\"D	f2Jy;kJCgl@vF+NOX)`Rڬ--01Վ^VKWaf=<PqnTOf<\0Ot|;53Ŋq,{[2Ds!{<EOs4}0W4&RWs-ǍLT/=CO0jr0u298KYM\ZbVA3 1?q1jj	hB,3BZ9<EcB 	e;2\0Vw?4fsJ~alrQUxPBia1*5 !ʌm\Z D0<!#fުp=֍L/bp\\;KqLws{A˔{L4S~ai^HϜ\Z#Je,Fkg1|GWf^Z0Gr4l[;͑Fx=qiuhz&w>\"Y1p\n=Q*d!}b	r51Gq%@wѿK/;+}#F9߉.\rEQkS|JH8\"q0ǸZ:G7|I\\39Y(L=\0y.\'+QE\'(<Lf`;3H2F5/Ԫ&D8HU)(LH_迂Dm=Ft!xX2੘R\'WOȏd_dB\nӪ\rlr(\'kL%[\0Ӧg?$B:\0PѶ׹.B!>|1>PbW	/yFeD\ZTwRn!]GK\\%GꅷEBF*;~\"ҿ_]Nİ}̾Q~j#$d.SpR6VdBϟ=LKق2yrBYGĦey]@i̭x<ť:8k˂$u!rT˻B10Lcr1}	gca/=+nkQ;!7%q?@\\ʜ\"p<{@{h8q\\|6:\Z7,N	Sɜc\ZF5#iJLw\n#;t7E\ZLl6AMKZ/0kA.@b=\"/g9߹ˈ]WSsH+q1x/$\nW\n$gĭ\04WY\'pS8W,zsP+̬̯led\0fqwGo,g8~bp7,_lD/ff0h0RJƥ]7-znUYMacf/cG*<LQmr)J¥GVKH\r.F3Sr#kH%F \n^<^f|&y	L8U;M{D^ntU*KL~C\"	Tܤ}B6(A\Zv9!}wU,x\n#X8I4;Zb(<ˎ}e\\/v#fMdP.bW;*|&Gx|̓۠\Z3?IQܼ~T$8Lۍc41O..FS-R_Y?OB^MB2 @,3<Գ6bf(C<3j_١e`XŅR \r߭o02\0uw]b8\0\\[rE #)-4mFaah@3--=*^%wID4%uM{[Eӈtt)OQ~=\0UTg/Y\\	+_yCKEE>%1^%b\\=^~nJ\0M;ļ	u»+pan\"4b#` }#)y^]x	R6K\n5J#2ΐǦfz0÷܏J8#p׊fUzg*d]z$?r~-;wҔO<7K0,y,s`r,XfJTagmt88,9<\"Eqb\\*E˨%XT\0hS>h>+|DޯŽ֣Za3/du`GsoncC=NUY\rYrf*e+/?alAPf5k\\f=,R6`\rK\\F~4s&b~4^A+c򿈖鯥}RGeJg<j~5uЖ(2]2kt<`F=t_7ľ-5^!⧤Q,ݾe1bQWW-	D[뎹@e8SnVO&\\\"f\nɎ]ҼEeK0➦e/2♊w\'yB/8B5pC3A#_Ƃ)pEq.XE6ＪT]890Tz,&IJcގb\'l)W?ü%=)D4)5\n|%Qjp1veg&<fU>JM,%^1fm}r[cOMz娺ZМ%+\0v/_m86/s\Z058̮n`OR2C%7s9]3TרzƋy]LTS,^\'/8\nb̧f\0%9î0\"ebϕنV|qz_ =kY1ck1X(4N	mjS7]+PH9._2uҒ>%8T@g%^.kXP`jJ$ pG M&\ncf_G(\\u7YG\0_Na1+?@\\Խ\\.%8<K{lގ\Zb-h_W312TʹfeZ/\0N08REJq\ZqGeK2B1\n2%V%whXG\0j,!K\0Е{$[3҃obP裿EKTU;*j9K!<70e!*\rlsZwZ2T5Ld8hyh^]WLN3._K˗/[ݖ˗.[-ݖwe.\\r\\yinv[-ݖwe廲nv[-ݖwen\0(Ri	?@Yv%Fj\0Fh?OTh}OJL8g;_IRms*D-g{_Nhgᣰv~\ZyS\r<I4h!ȕ`3Zg[Dh\'YQӖ\0IihWlյ8BY0P6Eh}0X(qL|+Ȧ?JPAafψ꿸jjKDA]g@PNp}S!xBU=GU0GF)Ic-9%p\'11\ZFS\\I^r	J8}A2[jgO(hh),i(fZ?j%8y\nUwNJ2\0(5K5A\\Sydx%-A]KS\08/p1B&Oܰ`+\'$F|~xf~VB@­xJU1Oq*~lt!n	%l}G/`%a3v=?J\0\\Pbrv3p+s\02d3LHdbZ6@nLfXuT`bq	Ve3YOH :Lnf\0{Dx%2D2\0i7Y0\0i1IASE{|1fago/xQI^gy%CUsA+;+fi)z≈}Q>tZ\\U)GbMM&0 f乚Lkm%Ծ}>h϶K9=?ho)&%TRՃ@ѹU⒅G:a\r4Aa3JW;G,!lvVFxEm Z&]H.E\Z|H_+j_As+.2VtaeU!n6$v\0cW!;3X?igaH\0OR2q_w_.^x	5ŌcyAXi~M9@.m4,UgXh|n6&.~+;4v[Y\0*]Xh!;6sE.3auB4]9.F(?:ɦO	)3&vIpT:s{0.\nn,*pC7ځ*p48R#8Y}j(-\".}0rK\rq	x0^LXIĭ#USxf-=qр̀WR4qi>(@Sk\0b%,)<ҧ,X`ǲ ])5R30KKD!x\0%PBe0iT+F-YFBa tN}@.}T.@Tnf1pQ1}y UK12m#[\\i?_dmK(RQBͱ(Q@\"\rˠ)+.q b\Z.q,T-j*WIV?(&ʕ@YRl3mC\n<zS)~ t\Z}J Vc*FzE4j- P%%|\n1HɁ&+]Ɗ~(ƫr0#2E^Jd74\'{~{p%\0Gp!lF^fFX]2a46;`J	1=\Z[?&`˛b(h䜘n1ǩhw&ܚC-FXQ}6yPp0\0߯>4clq|Kô`~N6Hx^5PSWs2{࣋?)?+\ZS^f@@G\0\0r,2ػhCdr.{vKm~R~JlW̽)hrO?3_ߟYn?5RUV?3\07\0\0\0\0\0\0\0\0\0\0\0\0\0\0\0\0\0\0\0\0\0\0\0\0\0\0\0\0\0\0\0\0\0\0\0\0\0\0\0\0\0\0\0\0\0\0\0\0\0\0\0\0\0\0\0\0\0\0\0\0\0\0\0\0\0\0\0\0\0\0\0\0\0\0\0\0\0\0\0\0\0\0\0\0\0\0\0\0\0\0\0\0\0\0\0\0\0\0\0\0\0\0\0\0\0\0\0\0\0\0\0\0\0\0\0\0\0\0\0\0\0\0\0\0\0\0\0\0\0\0\0\0\0\0\0\0\0\0\0\0\0\0\0\0\0\0\0K<liC0\008\"@o$_$\Z	C\0\0R	 \"m -ఔ,H2\'UJ6XwC+_dm&j㠥ހ$CGh8,h1hAVbI<hK>kЊKcpyzPD<\"3`1%&`cƋmQ({\rG PB`adD\Z} P\n,RITiٕ?$dlJl=\ZAץ`\ZF 0!PTb\"+_Hӱ4\Z=zK}`t JAq`ȱ\",8ϋ̫30\0em\r|\neh\0aD,QM\ZU`d:\\K0-.~&2MĂ0T\"2/ꝡ;eE\n X`2Ȳ	?lr	\'~%~o6Ac΀(iAc*6rAQMj\0SfEnS_`iqNd$JҺRubGPcksI<YYq@4W3{Ϯ5Cl2iц$XإiuE *(*,\0CB\000@0\0\0A10\0\0\0\0\0\0\0\0\0\0\0\0\0\0\0\0\0\00\0\0\0\0\0\0\0\0\0\0\0\0\0\0\0\0\0\0\0\0\0\0\0\0\0\0\0\0\0\"㰄8h\0\nc\0\0\0\0\0\01	59eXƕU\0\0\0\0\0\0e]S?0A9$#f;\0\0\0\0\0FTP8 ^Q)9p@X\0\0\0\0\0\0)LW[46\0\0\0\0\0A	܁¹._M\rr$=\0\0\0\0\0\00C00@ C\0@\0\0\0\0\0\0\0\0\0\0\0\0\0\0\0\0\0\0\0\0\0\0\0\0\0\0\0\0\0\0\0\0\0\0\0\0\0\0\0\0\0\0\0\0\0\0\0\0\0\0\0\0\0\0\0\0\0\0\0\0\0\0\0\0\0\0\0\0\0\0\0\0\0\0\0\0\0\0\0\0\0\0\0\0\0\0\0\0\0\0 \0\0\0\0\0\0\0\0\0\0!1 0A@Qpq\0?\0?**)QAiC**/jXt`*,\'chM5\rcT\nVE\n\0D-\nB)H:p.xB؂1	Cp>BlAX\"hд*LheŽl[\Z\r\Zt383\rȭ4170V)sgXHmlyWDuz$tRv.A::8bX2|7DM&e\"Щ1=΢bTR	 | ĩ\"HB)(a1<hPn	&DH&j~È\0lJIL\n&\"\\&&-BD\'lCBqFhȚX2\r.$sXEbpIYbQ{d9R0M)QP#ش>-;\'J\',cBL˫BP{(BI6HA$O+\n,\') |)%a\"\"27xy\')DYh$аJz\'~2AĒ<(pK/^\'\r\n#E\n,-HyAk3⋚6,R>??hU^V,^W\Z/\0\"\0\0\0\0\0\0\0\0!1A 0@PaQ`p\0?\0ZjVYjǌV66ZmY6qK!I#!\'0KYlqA侖Hߒno\0K>D~H2k&^[-D𰷟L>[8v&\0F2e	%\'x16Ƥl&a9˨<zI;.lSg}[_xfibpL;bP׻BΠA;KSw̃[o? uµdm>_2OVr{e-{c	6͙QuںX:coY nYKWka6˴$ërݳdH[ŵ+;Xsg:l	<+ILɉCuC8pzS>N\rKnZ[.m;p,15le\r KP?b tFst\nfu94.kaܶ8!ry<0mV3^PAep&zf:\"kǍfZeo<ClSz#wlXmYŖ;o\raoSx-٭IB[ q^ɖl3f߲;gQrFGH?O=	E~3y	l2_8ddLpx/pYy;K/cΗ\\/+2\Z~v/o{[gW/}GUx=XX{p6|rWpmt!<}=>]#o^uw-ٽpy.=\'ټ1}#>ϑ3x=p76\"BI6w2pw&85>YdydGs\0z\0-\0\0\0\0!1AQaq @0P`\0\0\0?\09IJ[ڌ.1`@i0@>IjeI$\n`s[d!>XP#q\\|驹QUNcFLS.;-wRċl*Xvtn0\r%GB5㖂ǟ-իVZNwzxQ!̈djT\0AŗMf%Ncqč`xe\nQnba`<-g/׼eTĻSt(\\S 5mơQQDcNrZ]s:Ϊ[LqG\rȀ#8Gr{1hqdƞQBbHt^-M\n\\Q/7!b  }3k;\"tU	D,m$rGih7k\\;F|ԻGt<ʥ\0x\n<185D4g&> P署*c#Ļ\"\n-4FT\"pY%#\nюRW_3,\\a~FqI`6j%BrҍʻF;F3\r&OsU#+);\0LB8܃ޥ lLI\r5ySu9Z\n~\rjo\'E<1&92فW@[1UDCQ\"2ˋ^O0@u\'ʴ	L,fƠy2b66}H׹f).\\*U(\\XcEcwԪԤǪ+K5~&\0RRpjmr	t;(pb\\\0,xFrd6(\\.S!m*@6Y3ʷ\0\n0鈍\\2*n	8j?;@a}]J#`h~jyR$Q*nOC-QF+U~\"aT;*򬬓$0,\r\Z\'R1þ\r<Xt2|R4]̢65FڻS\"+q\n\r,ulrb%m]:RWdHjYN	jR-3ܸ퉑r8fbmV0BdYgѦbth{Al40b1і%HQ: ʪ/=KFN1+J\nĭRlFGRV3B@<3X#\'Y@~\Z4`Aѥ@#|`<3r}G|ąJԽ\0\0Ef-w\'P6Bx^b:<>..ks%\"(c1,a+uX2\n:qF\Z5}ì 	@s\0B Cb(O3(\r(&3¢!.%%,֠zܣss,J	نf\r`\0ܴ.e*\0֪`F1`dn*5\r\Zl%JXaHNR΄lґnEӭXӷ6B/H\0+}KvK0\0\'6T4p2d9h\\2B`0Y%q,j@լb\0pHlaX2gQ\Z8\"\00=R\n\Zp\njس h!.;1K47 =]!l s6Q6c{P\nDdqԼ!r\r\"o1G;ʑE٦8,c@\0^@V3ipg3@ψԃ\ZM(sE7pm\"^5>7*l:K䍈Af-DeV.|\"̥Q(eN(wIh䂂P0X=cs.*qU%(r]SQfۇm9%&B5QS{ߙNn91t\ry9r8UP\r82)Ltf}xEb1KW-L\0E%S=$!\nx`PVƎS|K*ṱmC뗸.e -\ZUP\0I\\?hKm2>D@%qlNA`\0ӐTY,Re$Wb=\"ȮO2Ľ~풦bϛbs	fтl\'j Y\rJ(-ޮi,\ZXHb|fq+Ws6LR_yAtCY/KR<LԚop17Ⅷ/\r-¶^	o6D Ca6#쮴*]B@u|*e\r7̸1\Za#rSoM2\nXi(@nLGPf;\\V+*OR`eL1zlSWAv	~BBQZpNLGZc$$R9p#ѲCscGph\Z_-ŎS;2hTm)V5@%C{$x\00F\Zf<Yf-N$<h&\"@lW$nPYمpZ0bQ6(ī\"Ga	T\\\0]nD,QPG;1ly!QgYq\'0;)UDˡ}ALwaX\'XKͥ3Q(*u)o`DNvFt	Je!fik\nU	ApUe-pwxEd\nl\"NG\0e-:͖C8vF[8&\\G\\3w]./ps2cwQ{T\n>p9\0͹i4Ӂ\0hU`Q\r@P_Xsسїts* dJvN\\;b>Iz^mM%q \r䔭XTMC`h<}J˷YRQjԵKab\r0ZǨdpxb(h\\8H!2c=!(=ĩƑD\'*Բg#Var2FO԰LƏJ#@V(c\"$[Ho3}AX&BI(l_ej.ʜ/Gr*\"RZ҈vTZ\0\"G1R@We%	W3oqBgo2{r\n~SxzPQ+R \\aQY5)tWR	Gj\\V˙ރf!WFf&G`噃\0u-\\B\\ߛA3Z w#h,rP`)eoR5LG]K	YW	x\0xN*ͼ@\r\0V\\!gd]hbVX\nz*1j890]\'۸/f2\rN*3R*Kn)TB\0\nl. +3Ϗq[K72!_#,k3\r\\[U1Q+j\0F0DhIB\0}Oq\rK|啖f\0lh\'<Cod[C*C腊9\n9J|f8+^(U\0Bbu,&C|=J^;X7xq\08zJA~\rKU)K]ҧgan.f81͚lkHV *dM(^-.b.sPscdͶ%wŕ:|AMDܧu\nx~bFU^*Tla, >\'Hʊ♌[b:!>G2*\n=\08aʗ9]W }Gj\n	}1Ȯaic	ˎUsn32XÂXt{u+2˹=1[^21NqXyd@r.b#k$RP%`WNhQʂY5/$i&18{`\0px3i(`0vS\'*\"ʘP.o3\r~f1ĤJ<E)S2H>\0Cq19υbL!1|\'MJGLH\0%Ƣ2nv}=B،טMs%\rL3\\nVK\0cRZB%pZ	RS6;v.|_3)vI2ٙJFiτv^VDDZkh)A#;,\0bF	⠼Wt#˒j\n*#;!MՑɜJ4%`UJ5P(&[X3\nU\\y?0@q.~&j|BqjZ˗YTpH&U^$	f,ptgܺhK>\0[Y[eՄPGcF:#aN=MP,R`&j}ۢ1@^e]zV9P~bNo̳K*\n͐IQ@zB%m3fS0fAab9E;C;y)7_8VK)H(-\0X]QٗKI(ƍ̌k7-{&Lz`3+*=D:K+ a0auR32J,S&S%3Xہ_+Ԥc%lD*K4GrTv^?P\r,Ә6cvowV\Z)jrbQ#W=!XVP*;f]P\rlcpV$ol<E9YxKZWűQ-Z)4U%4L0MN|9|D*pLIt(Pp&3Jۮr;R&\rʍ\\{ge%lJ[-aJ0cw̮0_f,r(WQ\'v\n\n%̫5Wl)ϙrUK|OqԵKrMjl$\nT+/	8 =d\"h RVhMF#HɛK	Mx;pn\'J0Ȁa\0XO*Kl\0[5frݥ\'y\'.ӆ^7TKm+T\rXcn8Q:ќ<JrɿE*ɞIpAN\0>!9w\0҆6\n@c9̭p/lGlJNEO݅;etmQs%n}=W\0b8 wA,ĸm_0m]q\r]Kaxo<\nIǉGP*ȽM:5kt]F|ʌj=c*Vxu+*i\'p`co]u0g1זURşP[y\Z^k	,,,-::@Y,cXj桢+jk.>bD{.l@ݣBPIKe<QǨ1\rv*hT_6bXe[\n;K]TKsD|-ɦ0Z	\r`g44.{<@%L^&MXK\n-,1o(*p=݈txh@Ԝ	j\ZR?8DIij%\"1#pM&$L6pb-*5x&\ryzZT5e(<A]Rf)\\!2}0= [\Zn\0\ZB]J7.(9jc l#lD:\'se;b.!Կ@*gܰبK`w1$5t7\rXg5M@0>%\0u@jNĹƠWYG̭Pg9Y%3(c/㩄?=9LDk3qGmg*!&/Au??ˏ_$J|`bIVYh aV8ӆЌ(\rZNfW%mߐ:MX1v.+\\F`q>X3K@o\r,\0HpAH>\r\"[kG%f\'H#2MLMj<˯ܸ?MʴԹ|DiGr/\"8+8-UFnHg@wS0qrs?Q%̄068vOHS|GQÊ. m98GQ[ilĄ\n7~&,S\n#rg\'0+vF ܺ)C\nmW:D2TPhZx&Qm<TE\n9L `KN4(MR),M0FȦAY@#dRPTp#[KyweGQ\rBm4bs5c[2\ZcX\nĬ16- r1 Z\"7K@\0ywK0W&X	N`VڰiX2r\nx5\n 2=9(ʰP*sRݯA3?@VUUmNl\rM̥HݟSp.R>6qPrF;;8_R>%5(\\z wwC}ߤ4(Ȩ<CEV!~-Xd$4T\0jE(>yrz8\0p\nea $A,1`0K/%ʱ;l\Z~GL,AJ^+`)kWЁE\\3+-.:4k,AS\Z͜ʮ\0*2ᥘZ\"W:a4wR`bVo9حĶq{S&`*,VnYQ>Z;s布Drj+٩A3+dsE/R)RJa\nk%f7SBNsm:&\rݫĠaTβ%̠E>_+F!RAi20jo\'VG,e,͸j\r̡o1`\rC*trE*q2ϘrEz\"!CZ4cP6^qTXVVR4Ŀő\rq@\nRc/0l/!P+RȯXۜU]8 Ya&V1%t-bSX#Db0&?Ci3MY#ĥZ6_d\ZqL)@F#w\r|;D3q3+ƇKoheWqvRˣ*q\0JUPh}@sj;Ԝ{6CEp{IO\0?w\\Ǖ|3^uǀDȎywNAhG\0ףr3-J8.l2p*9.)m}l/~b=\rp*YsKqj|7*xBŸ&L{TG-~𖧹jRiPjoi1^Ah\"\r13!`XC	 SA빇ȁCy\"#˱+5[/|=}MM@#=A,K+G&wT\nʸ/jiQxg+G0Zx\0Hi3rɞPce\0?)11-YJ+rTqmQ-5W@.x?-O@?\0q4l~E\Z-O\n\r\00!Zs~;FgF\"2TƣE]G3ChTFhKS:\"G	=%\"x\Z,+1ى1=^nd#Iz\0T\n͢,$)Z>%_̱^sQzŚ,2}\\ϧ(;PKv/_P*H)ʱercӿƇx^&`	H#S0$%#PZU&f\"PPZ/,OccpprL4˼f:f&a%Lq~**M(81\01r2\'8\"+J`GFAIg	C2;VvJrK	fr\0̿8ܢ})+y-mb`h24`Pů0ܵଵ\\N;ʔ\'};TPf8!pp ?r:s\ZIb^{Pԩj3^e3,jV\0 tHhT1r\ZFIds\'I)S84 .\"YH:B<Zf =\0T*59xSSU$\',$3@JXR	oP58.5bQ-,,FJ.*ĥEFb\r?MBk(l˦2WsQ)o0/6R8qYbصG7cMnm::!m \rͥeKFePlplԩeDPۗ]M0xFSF|\']A Ly;#lGw)YJk9w=PbblDEdzZƅdR*?;%\0a<1n+SUdyGja%=ʄdeK͜%\n߉=+,K/l \"fpF<T*+WԵWPE\ZNYA1ggBЈPou4l{7uDxR6&;MBW0F;Z\nwrƝ1\\cTq%b3`{P|r>fٱP\nx i^XgR帷QByW8⡆\\(zdK\r\r_gp`[.4爁ψ<ˬX a`YBT)w@\"ce+!,bZi95U/M?s80UQ@9q2#y=O(Ѯ#Xr^jd&]Pʪ\0u5zQnpV3K50zVH/)<\'CҊS~\0K43A\\4_rdB8bau[#\\u@Z]Ao11U孑.B*w3iUDuR\Z`ǂJɀ7^`^[mMBb\r\'#/@CG(-`i9w*jw`$Q\\.ZP\0@,zczKʘ0zy\"*BX#}bXIȅmL	%\'q%3gc;$pW5..)tSZH-ryxHkrn!A`cCq-%z9h-)Qi@ˆ*z*hhK\'f.N\ZBPuk&U^=!s\0/h)r)>Le)eϜK.\\r?J=~#x7.\\rn{c.\\\\/{~~~~(<\0q:>=33\0y;\0q=)?\0a?E_\0r\0	ne>޿J+\08C1JXU\0W.\\V1JBA\'pfGl\0qiwSm퉢%7\0Bhtex\\\0`(z1\0O\0,ځt\0MKP0,\0hҟ<blQc*&?Ry*jE=2\"#OYXD*lAd|DN)4YD\0`߸%/DO	Evi?\":ťAéBЀvF\',n-ViZ;EC-\rHTE^hehx(p`^RA#YnԨVE`\rGoU9G4DT_)Zo2рdSk\0(@;wjjTqm<>AC9.9M! 5ɢq\0L#ѦgEP>B[!\ZWv$	 \nQ7OǕ/wieS\0<JcŒA!aRRq!kxc3	rPfY\n8iyD>a[Lk[we\rPbaCW[fbK^Its*آ!E\0 ,1h}Ě`LnTn\n\0a) \Zl+4\\#}f:,KV;z\Z5]GU\\/WŮqQ\0j9 Pr2gp ZOdXfpb#y%GJq:`\rO\nD\0a{ȸ2QJPfI`݋nIH?b1sD8`\rpp١J2{\ruqK홛Og(ު*`Tzud-j@6\0WԾm(Z`\'VS<!PQS3:D9,#Ə+\0W!4,=I(PLvaq4\Z)g\"_Fࣵ-@\n5v#0UKѶy%?^^aVv\r\0j([u{P7#ia_,Gb4(sxf u=Րa&CG08KBܹab)pZ&;o[qMdO]iA:Y2S?mNa Mlf~n?NOif.xzo.#.6AŰ	5qZELC3)~a\0X%444=BNGIռ@u^һRDiBGHKi(~P\\N႓ybgh7oXhL r\0`+?390^A$^xֹfkŕeh&TPu/\ZpC3#+E5ȈJ˾[*k\'koXh_dy\rSlnڔl2ɥ\ZYFΆgb9{&4OL=%ac{^cQj<5^nT@y`ZꢑPoĬ:WQf(ZҎ^DCuBbЧ\Z\'^R1R?3G\rqZc~e.\n%%0:pۄex(LZZ6`ҷ3TTpB-n$< V[d>\\J},ݐz8R[7ڇQXJ\"r;;ׯ$j(+AuEU0%0\0neM^c`a,\ZWoˬWJjRĀ6ðxY\n`r)$2\Z|IꗋaPfRa_Μ ^Pw/*O#CQ(h#; <-q_f\nIM`#\0hF,<)MXqwB.HW%)$҄/8e) y \Z.T5zˠ\0Pj]ԡn QLG0)h@R4@*l!\ZAvV?IV`RxOM)[.&yEu&A6#`y\07(1!W(<*S5s98Ә\rHS\01\0Jm/p\0ybw^fuWā&e-ˌ**liDl\\T*u*rwEpՅ\n8#$\"pd\\{UŦ0>#\n7F7[0i2<@f^@ֺP,F4\\ho	Ƭ¿lF\0=N\nfn	W:鸵ʲ1*UEeBdB	zW鏸!Y+4X)P\05c$e0}bjnmYDf+ǈd)1	⁙ܸBJ1@/Գ(ȡ\ZA*61)kM`oIr(\"PTwԟs+\r U,MiJ)U-3i30ǒP#Gqx&7&m˘UrH>P%&)b[w\"P0cq6WxZ#t`<)h(4]\0@оvnjA!pNHDK7`!{o.eŅX+pFb6aUUj*ݔ[\0[VٚSUDe/dʁ*v\0R#J?;XESU8#0\'>\\\"u켶yX4$Sq\\@\Z̐[-hN_66 *>%\"JW\0ٿ');
/*!40000 ALTER TABLE `jammers` ENABLE KEYS */;
UNLOCK TABLES;

--
-- Table structure for table `location`
--

DROP TABLE IF EXISTS `location`;
/*!40101 SET @saved_cs_client     = @@character_set_client */;
/*!40101 SET character_set_client = utf8 */;
CREATE TABLE `location` (
  `id` int(11) NOT NULL AUTO_INCREMENT,
  `name` varchar(255) NOT NULL,
  `active` char(1) NOT NULL DEFAULT 'Y',
  PRIMARY KEY (`id`),
  UNIQUE KEY `name` (`name`)
) ENGINE=InnoDB AUTO_INCREMENT=3 DEFAULT CHARSET=latin1;
/*!40101 SET character_set_client = @saved_cs_client */;

--
-- Dumping data for table `location`
--

LOCK TABLES `location` WRITE;
/*!40000 ALTER TABLE `location` DISABLE KEYS */;
INSERT INTO `location` VALUES (1,'BUENDIA','Y'),(2,'LIPA','Y');
/*!40000 ALTER TABLE `location` ENABLE KEYS */;
UNLOCK TABLES;

--
-- Table structure for table `passenger_types`
--

DROP TABLE IF EXISTS `passenger_types`;
/*!40101 SET @saved_cs_client     = @@character_set_client */;
/*!40101 SET character_set_client = utf8 */;
CREATE TABLE `passenger_types` (
  `id` int(11) NOT NULL AUTO_INCREMENT,
  `name` varchar(255) NOT NULL,
  `discount` int(11) NOT NULL DEFAULT '0',
  `active` char(1) NOT NULL DEFAULT 'Y',
  PRIMARY KEY (`id`)
) ENGINE=InnoDB AUTO_INCREMENT=3 DEFAULT CHARSET=latin1;
/*!40101 SET character_set_client = @saved_cs_client */;

--
-- Dumping data for table `passenger_types`
--

LOCK TABLES `passenger_types` WRITE;
/*!40000 ALTER TABLE `passenger_types` DISABLE KEYS */;
INSERT INTO `passenger_types` VALUES (1,'Full Fare',0,'Y'),(2,'SENIOR/PWD/STUDENT',20,'Y');
/*!40000 ALTER TABLE `passenger_types` ENABLE KEYS */;
UNLOCK TABLES;

--
-- Table structure for table `profiles`
--

DROP TABLE IF EXISTS `profiles`;
/*!40101 SET @saved_cs_client     = @@character_set_client */;
/*!40101 SET character_set_client = utf8 */;
CREATE TABLE `profiles` (
  `user_id` int(11) NOT NULL AUTO_INCREMENT,
  `lastname` varchar(50) NOT NULL DEFAULT '',
  `firstname` varchar(50) NOT NULL DEFAULT '',
  PRIMARY KEY (`user_id`),
  CONSTRAINT `user_profile_id` FOREIGN KEY (`user_id`) REFERENCES `users` (`id`) ON DELETE CASCADE
) ENGINE=InnoDB AUTO_INCREMENT=3 DEFAULT CHARSET=utf8;
/*!40101 SET character_set_client = @saved_cs_client */;

--
-- Dumping data for table `profiles`
--

LOCK TABLES `profiles` WRITE;
/*!40000 ALTER TABLE `profiles` DISABLE KEYS */;
INSERT INTO `profiles` VALUES (1,'Admin','Administrator'),(2,'Demo','Demo');
/*!40000 ALTER TABLE `profiles` ENABLE KEYS */;
UNLOCK TABLES;

--
-- Table structure for table `profiles_fields`
--

DROP TABLE IF EXISTS `profiles_fields`;
/*!40101 SET @saved_cs_client     = @@character_set_client */;
/*!40101 SET character_set_client = utf8 */;
CREATE TABLE `profiles_fields` (
  `id` int(10) NOT NULL AUTO_INCREMENT,
  `varname` varchar(50) NOT NULL,
  `title` varchar(255) NOT NULL,
  `field_type` varchar(50) NOT NULL,
  `field_size` varchar(15) NOT NULL DEFAULT '0',
  `field_size_min` varchar(15) NOT NULL DEFAULT '0',
  `required` int(1) NOT NULL DEFAULT '0',
  `match` varchar(255) NOT NULL DEFAULT '',
  `range` varchar(255) NOT NULL DEFAULT '',
  `error_message` varchar(255) NOT NULL DEFAULT '',
  `other_validator` varchar(5000) NOT NULL DEFAULT '',
  `default` varchar(255) NOT NULL DEFAULT '',
  `widget` varchar(255) NOT NULL DEFAULT '',
  `widgetparams` varchar(5000) NOT NULL DEFAULT '',
  `position` int(3) NOT NULL DEFAULT '0',
  `visible` int(1) NOT NULL DEFAULT '0',
  PRIMARY KEY (`id`),
  KEY `varname` (`varname`,`widget`,`visible`)
) ENGINE=InnoDB AUTO_INCREMENT=3 DEFAULT CHARSET=utf8;
/*!40101 SET character_set_client = @saved_cs_client */;

--
-- Dumping data for table `profiles_fields`
--

LOCK TABLES `profiles_fields` WRITE;
/*!40000 ALTER TABLE `profiles_fields` DISABLE KEYS */;
INSERT INTO `profiles_fields` VALUES (1,'lastname','Last Name','VARCHAR','50','3',1,'','','Incorrect Last Name (length between 3 and 50 characters).','','','','',1,3),(2,'firstname','First Name','VARCHAR','50','3',1,'','','Incorrect First Name (length between 3 and 50 characters).','','','','',0,3);
/*!40000 ALTER TABLE `profiles_fields` ENABLE KEYS */;
UNLOCK TABLES;

--
-- Table structure for table `routes`
--

DROP TABLE IF EXISTS `routes`;
/*!40101 SET @saved_cs_client     = @@character_set_client */;
/*!40101 SET character_set_client = utf8 */;
CREATE TABLE `routes` (
  `id` int(11) NOT NULL AUTO_INCREMENT,
  `line` varchar(255) NOT NULL,
  `origin` int(11) NOT NULL,
  `destination` int(11) NOT NULL,
  `distance` varchar(255) NOT NULL,
  `travel_time` varchar(255) NOT NULL,
  `other_info` text NOT NULL,
  `fare` decimal(20,2) NOT NULL DEFAULT '0.00',
  `active` char(1) NOT NULL DEFAULT 'Y',
  PRIMARY KEY (`id`),
  KEY `fare_id` (`fare`),
  KEY `origin` (`origin`),
  KEY `destination` (`destination`),
  CONSTRAINT `routes_ibfk_2` FOREIGN KEY (`origin`) REFERENCES `location` (`id`),
  CONSTRAINT `routes_ibfk_3` FOREIGN KEY (`destination`) REFERENCES `location` (`id`)
) ENGINE=InnoDB AUTO_INCREMENT=3 DEFAULT CHARSET=latin1;
/*!40101 SET character_set_client = @saved_cs_client */;

--
-- Dumping data for table `routes`
--

LOCK TABLES `routes` WRITE;
/*!40000 ALTER TABLE `routes` DISABLE KEYS */;
INSERT INTO `routes` VALUES (1,'BUENDIA-LIPA',1,2,'3','','',209.00,'Y'),(2,'LIPA-BUENDIA',2,1,'3','','',209.00,'Y');
/*!40000 ALTER TABLE `routes` ENABLE KEYS */;
UNLOCK TABLES;

--
-- Table structure for table `schedules`
--

DROP TABLE IF EXISTS `schedules`;
/*!40101 SET @saved_cs_client     = @@character_set_client */;
/*!40101 SET character_set_client = utf8 */;
CREATE TABLE `schedules` (
  `id` int(11) NOT NULL AUTO_INCREMENT,
  `bus_id` int(11) NOT NULL,
  `driver_id` int(11) NOT NULL,
  `route_id` int(11) NOT NULL,
  `departure_date` date NOT NULL,
  `departure_time` time NOT NULL,
  `arrival_time` time NOT NULL,
  `status` tinyint(4) NOT NULL DEFAULT '1',
  `created_at` timestamp NOT NULL DEFAULT CURRENT_TIMESTAMP,
  PRIMARY KEY (`id`),
  KEY `status` (`status`),
  KEY `bus_id` (`bus_id`),
  KEY `route_id` (`route_id`),
  KEY `driver_id` (`driver_id`),
  CONSTRAINT `schedules_ibfk_1` FOREIGN KEY (`bus_id`) REFERENCES `buses` (`id`),
  CONSTRAINT `schedules_ibfk_2` FOREIGN KEY (`route_id`) REFERENCES `routes` (`id`),
  CONSTRAINT `schedules_ibfk_3` FOREIGN KEY (`driver_id`) REFERENCES `drivers` (`id`)
) ENGINE=InnoDB AUTO_INCREMENT=4 DEFAULT CHARSET=latin1;
/*!40101 SET character_set_client = @saved_cs_client */;

--
-- Dumping data for table `schedules`
--

LOCK TABLES `schedules` WRITE;
/*!40000 ALTER TABLE `schedules` DISABLE KEYS */;
INSERT INTO `schedules` VALUES (1,2,1,1,'2013-08-23','01:00:00','01:00:00',1,'2013-08-23 01:25:13'),(2,2,1,2,'2013-08-23','01:00:00','01:00:00',1,'2013-08-23 03:34:53'),(3,1,1,1,'2013-08-28','23:59:00','01:00:00',1,'2013-08-27 15:07:57');
/*!40000 ALTER TABLE `schedules` ENABLE KEYS */;
UNLOCK TABLES;

--
-- Table structure for table `terminal`
--

DROP TABLE IF EXISTS `terminal`;
/*!40101 SET @saved_cs_client     = @@character_set_client */;
/*!40101 SET character_set_client = utf8 */;
CREATE TABLE `terminal` (
  `id` int(11) NOT NULL,
  `name` varchar(255) NOT NULL,
  `address` varchar(255) NOT NULL,
  `contact_no` varchar(255) NOT NULL
) ENGINE=InnoDB DEFAULT CHARSET=latin1;
/*!40101 SET character_set_client = @saved_cs_client */;

--
-- Dumping data for table `terminal`
--

LOCK TABLES `terminal` WRITE;
/*!40000 ALTER TABLE `terminal` DISABLE KEYS */;
/*!40000 ALTER TABLE `terminal` ENABLE KEYS */;
UNLOCK TABLES;

--
-- Table structure for table `ticket_types`
--

DROP TABLE IF EXISTS `ticket_types`;
/*!40101 SET @saved_cs_client     = @@character_set_client */;
/*!40101 SET character_set_client = utf8 */;
CREATE TABLE `ticket_types` (
  `id` int(4) NOT NULL AUTO_INCREMENT,
  `name` varchar(255) NOT NULL,
  `active` char(1) NOT NULL DEFAULT 'Y',
  PRIMARY KEY (`id`)
) ENGINE=InnoDB AUTO_INCREMENT=4 DEFAULT CHARSET=latin1;
/*!40101 SET character_set_client = @saved_cs_client */;

--
-- Dumping data for table `ticket_types`
--

LOCK TABLES `ticket_types` WRITE;
/*!40000 ALTER TABLE `ticket_types` DISABLE KEYS */;
INSERT INTO `ticket_types` VALUES (1,'SEATED','Y'),(2,'STANDING','Y'),(3,'ADVANCE','Y');
/*!40000 ALTER TABLE `ticket_types` ENABLE KEYS */;
UNLOCK TABLES;

--
-- Table structure for table `tickets`
--

DROP TABLE IF EXISTS `tickets`;
/*!40101 SET @saved_cs_client     = @@character_set_client */;
/*!40101 SET character_set_client = utf8 */;
CREATE TABLE `tickets` (
  `id` int(11) NOT NULL AUTO_INCREMENT,
  `tkt_no` char(32) NOT NULL,
  `schedule_id` int(11) DEFAULT NULL,
  `seat_id` int(11) DEFAULT NULL,
  `bus_id` int(11) DEFAULT NULL,
  `route_id` int(11) DEFAULT NULL,
  `passenger_type_id` int(11) NOT NULL DEFAULT '1',
  `ticket_type_id` int(4) NOT NULL DEFAULT '1',
  `amt` decimal(20,2) NOT NULL DEFAULT '0.00',
  `status` int(11) NOT NULL DEFAULT '1',
  `created_at` timestamp NOT NULL DEFAULT CURRENT_TIMESTAMP,
  `created_by` varchar(255) DEFAULT NULL,
  PRIMARY KEY (`id`),
  KEY `status` (`status`),
  KEY `route_id` (`route_id`),
  KEY `bus_id` (`bus_id`),
  KEY `seat_id` (`seat_id`),
  KEY `schedule_id` (`schedule_id`),
  KEY `rate` (`passenger_type_id`),
  KEY `route_id_2` (`route_id`),
  KEY `ticket_type_id` (`ticket_type_id`),
  CONSTRAINT `tickets_ibfk_1` FOREIGN KEY (`schedule_id`) REFERENCES `schedules` (`id`),
  CONSTRAINT `tickets_ibfk_2` FOREIGN KEY (`bus_id`) REFERENCES `buses` (`id`),
  CONSTRAINT `tickets_ibfk_3` FOREIGN KEY (`route_id`) REFERENCES `routes` (`id`),
  CONSTRAINT `tickets_ibfk_4` FOREIGN KEY (`passenger_type_id`) REFERENCES `passenger_types` (`id`),
  CONSTRAINT `tickets_ibfk_5` FOREIGN KEY (`ticket_type_id`) REFERENCES `ticket_types` (`id`)
) ENGINE=InnoDB AUTO_INCREMENT=222 DEFAULT CHARSET=latin1;
/*!40101 SET character_set_client = @saved_cs_client */;

--
-- Dumping data for table `tickets`
--

LOCK TABLES `tickets` WRITE;
/*!40000 ALTER TABLE `tickets` DISABLE KEYS */;
INSERT INTO `tickets` VALUES (1,'000398',1,NULL,2,1,1,1,209.00,1,'2013-08-23 03:32:39',NULL),(2,'000399',1,NULL,2,1,2,1,167.20,1,'2013-08-23 03:32:43',NULL),(3,'000400',1,NULL,2,1,1,1,209.00,1,'2013-08-23 03:32:48',NULL),(4,'000401',1,NULL,2,1,1,1,209.00,1,'2013-08-23 03:32:48',NULL),(5,'000402',1,NULL,2,1,1,1,209.00,1,'2013-08-23 03:32:48',NULL),(6,'000403',1,NULL,2,1,1,1,209.00,1,'2013-08-23 03:32:48',NULL),(7,'000404',1,NULL,2,1,1,1,209.00,1,'2013-08-23 03:32:48',NULL),(8,'000405',1,NULL,2,1,1,1,209.00,1,'2013-08-23 03:32:49',NULL),(9,'000406',1,NULL,2,1,1,1,209.00,1,'2013-08-23 03:32:49',NULL),(10,'000407',1,NULL,2,1,1,1,209.00,1,'2013-08-23 03:32:49',NULL),(11,'000408',1,NULL,2,1,1,1,209.00,1,'2013-08-23 03:32:49',NULL),(12,'000409',1,NULL,2,1,1,1,209.00,1,'2013-08-23 03:32:49',NULL),(13,'000410',1,NULL,2,1,2,1,167.20,1,'2013-08-23 03:32:54',NULL),(14,'000411',1,NULL,2,1,2,1,167.20,1,'2013-08-23 03:32:54',NULL),(15,'000412',1,NULL,2,1,2,1,167.20,1,'2013-08-23 03:32:54',NULL),(16,'000413',1,NULL,2,1,2,1,167.20,1,'2013-08-23 03:32:54',NULL),(17,'000414',1,NULL,2,1,2,1,167.20,1,'2013-08-23 03:32:55',NULL),(18,'000415',1,NULL,2,1,2,1,167.20,1,'2013-08-23 03:32:55',NULL),(19,'000416',1,NULL,2,1,2,1,167.20,1,'2013-08-23 03:32:55',NULL),(20,'000417',1,NULL,2,1,2,1,167.20,1,'2013-08-23 03:32:55',NULL),(21,'000418',1,NULL,2,1,2,1,167.20,1,'2013-08-23 03:32:55',NULL),(22,'000419',1,NULL,2,1,2,1,167.20,1,'2013-08-23 03:32:55',NULL),(23,'000420',1,NULL,2,1,1,1,209.00,1,'2013-08-23 03:33:49',NULL),(24,'000421',1,NULL,2,1,1,1,209.00,1,'2013-08-23 03:33:49',NULL),(25,'000422',1,NULL,2,1,1,1,209.00,1,'2013-08-23 03:33:49',NULL),(26,'000423',1,NULL,2,1,1,1,209.00,1,'2013-08-23 03:33:49',NULL),(27,'000424',1,NULL,2,1,1,1,209.00,1,'2013-08-23 03:33:49',NULL),(28,'000425',1,NULL,2,1,1,1,209.00,1,'2013-08-23 03:33:49',NULL),(29,'000426',1,NULL,2,1,1,1,209.00,1,'2013-08-23 03:33:49',NULL),(30,'000427',1,NULL,2,1,1,1,209.00,1,'2013-08-23 03:33:50',NULL),(31,'000428',1,NULL,2,1,1,1,209.00,1,'2013-08-23 03:33:50',NULL),(32,'000429',1,NULL,2,1,1,1,209.00,1,'2013-08-23 03:33:50',NULL),(33,'000430',1,NULL,2,1,1,1,209.00,1,'2013-08-23 03:33:50',NULL),(34,'000431',1,NULL,2,1,1,1,209.00,1,'2013-08-23 03:33:50',NULL),(35,'000432',1,NULL,2,1,1,1,209.00,1,'2013-08-23 03:33:50',NULL),(36,'000433',1,NULL,2,1,1,1,209.00,1,'2013-08-23 03:33:50',NULL),(37,'000434',1,NULL,2,1,1,1,209.00,1,'2013-08-23 03:33:50',NULL),(38,'000435',1,NULL,2,1,1,1,209.00,1,'2013-08-23 03:33:50',NULL),(39,'000436',1,NULL,2,1,1,1,209.00,1,'2013-08-23 03:33:50',NULL),(40,'000437',1,NULL,2,1,1,1,209.00,1,'2013-08-23 03:33:51',NULL),(41,'000438',1,NULL,2,1,1,1,209.00,1,'2013-08-23 03:33:51',NULL),(42,'000439',1,NULL,2,1,1,1,209.00,1,'2013-08-23 03:33:51',NULL),(43,'000440',1,NULL,2,1,1,1,209.00,1,'2013-08-23 03:33:51',NULL),(44,'000441',1,NULL,2,1,1,1,209.00,1,'2013-08-23 03:33:51',NULL),(45,'000442',1,NULL,2,1,1,1,209.00,1,'2013-08-23 03:33:51',NULL),(46,'000443',1,NULL,2,1,1,1,209.00,1,'2013-08-23 03:33:51',NULL),(47,'000444',1,NULL,2,1,1,1,209.00,1,'2013-08-23 03:33:51',NULL),(48,'000445',1,NULL,2,1,1,1,209.00,1,'2013-08-23 03:33:52',NULL),(49,'000446',1,NULL,2,1,1,1,209.00,1,'2013-08-23 03:33:52',NULL),(50,'000447',1,NULL,2,1,1,1,209.00,1,'2013-08-23 03:33:52',NULL),(51,'000448',1,NULL,2,1,1,1,209.00,1,'2013-08-23 03:33:52',NULL),(52,'000449',1,NULL,2,1,1,1,209.00,1,'2013-08-23 03:33:52',NULL),(53,'000450',1,NULL,2,1,1,1,209.00,1,'2013-08-23 03:33:52',NULL),(54,'000451',1,NULL,2,1,1,1,209.00,1,'2013-08-23 03:33:52',NULL),(55,'000452',1,NULL,2,1,1,1,209.00,1,'2013-08-23 03:33:53',NULL),(56,'000453',1,NULL,2,1,1,1,209.00,1,'2013-08-23 03:33:53',NULL),(57,'000454',1,NULL,2,1,1,1,209.00,1,'2013-08-23 03:33:53',NULL),(58,'000455',1,NULL,2,1,1,1,209.00,1,'2013-08-23 03:33:53',NULL),(59,'000456',1,NULL,2,1,1,1,209.00,1,'2013-08-23 03:33:53',NULL),(60,'000457',1,NULL,2,1,1,1,209.00,1,'2013-08-23 03:33:53',NULL),(61,'000458',1,NULL,2,1,1,1,209.00,1,'2013-08-23 03:33:53',NULL),(62,'000459',1,NULL,2,1,1,1,209.00,1,'2013-08-23 03:33:53',NULL),(63,'000460',1,NULL,2,1,1,1,209.00,1,'2013-08-23 03:33:53',NULL),(64,'000461',1,NULL,2,1,1,1,209.00,1,'2013-08-23 03:33:53',NULL),(65,'000462',1,NULL,2,1,1,1,209.00,1,'2013-08-23 03:33:53',NULL),(66,'000463',1,NULL,2,1,1,1,209.00,1,'2013-08-23 03:33:54',NULL),(67,'000464',1,NULL,2,1,1,2,209.00,1,'2013-08-23 03:33:58',NULL),(68,'000465',1,NULL,2,1,2,2,167.20,1,'2013-08-23 03:34:03',NULL),(69,'000466',1,NULL,2,1,1,2,209.00,1,'2013-08-23 03:34:14',NULL),(70,'000467',1,NULL,2,1,2,2,167.20,1,'2013-08-23 03:34:18',NULL),(71,'000468',2,NULL,2,2,1,1,209.00,1,'2013-08-23 03:34:59',NULL),(72,'000469',2,NULL,2,2,1,1,209.00,1,'2013-08-23 03:35:02',NULL),(73,'000470',2,NULL,2,2,2,1,167.20,1,'2013-08-23 03:35:05',NULL),(74,'000471',2,NULL,2,2,1,1,209.00,1,'2013-08-23 03:38:38',NULL),(75,'000472',2,NULL,2,2,2,1,167.20,1,'2013-08-23 03:38:43',NULL),(76,'000473',1,NULL,2,1,1,2,209.00,1,'2013-08-23 03:38:45',NULL),(77,'000474',2,NULL,2,2,1,1,209.00,1,'2013-08-23 03:38:52',NULL),(78,'000475',2,NULL,2,2,1,1,209.00,1,'2013-08-23 03:38:55',NULL),(79,'000476',2,NULL,2,2,2,1,167.20,1,'2013-08-23 03:38:59',NULL),(80,'000477',2,NULL,2,2,2,1,167.20,1,'2013-08-23 03:38:59',NULL),(81,'000478',2,NULL,2,2,2,1,167.20,1,'2013-08-23 03:39:00',NULL),(82,'000479',2,NULL,2,2,2,1,167.20,1,'2013-08-23 03:39:00',NULL),(83,'000480',2,NULL,2,2,2,1,167.20,1,'2013-08-23 03:39:00',NULL),(84,'000481',2,NULL,2,2,2,1,167.20,1,'2013-08-23 03:39:00',NULL),(85,'000482',2,NULL,2,2,2,1,167.20,1,'2013-08-23 03:39:00',NULL),(86,'000483',2,NULL,2,2,2,1,167.20,1,'2013-08-23 03:39:00',NULL),(87,'000484',2,NULL,2,2,2,1,167.20,1,'2013-08-23 03:39:00',NULL),(88,'000485',2,NULL,2,2,2,1,167.20,1,'2013-08-23 03:39:00',NULL),(89,'000486',2,NULL,2,2,2,1,167.20,1,'2013-08-23 03:39:00',NULL),(90,'000487',2,NULL,2,2,2,1,167.20,1,'2013-08-23 03:39:01',NULL),(91,'000488',2,NULL,2,2,1,1,209.00,1,'2013-08-23 03:39:10',NULL),(92,'000489',2,NULL,2,2,1,1,209.00,1,'2013-08-23 03:45:15',NULL),(94,'000492',NULL,NULL,NULL,1,1,3,209.00,1,'2013-08-23 03:58:34',NULL),(95,'000493',NULL,NULL,NULL,1,1,3,209.00,1,'2013-08-23 04:04:00',NULL),(96,'000494',NULL,NULL,NULL,1,1,3,209.00,1,'2013-08-23 04:04:56',NULL),(97,'000495',NULL,NULL,NULL,1,1,3,209.00,1,'2013-08-23 04:04:58',NULL),(98,'000496',NULL,NULL,NULL,1,1,3,209.00,1,'2013-08-23 04:06:39',NULL),(99,'000497',1,NULL,2,1,1,2,209.00,1,'2013-08-23 04:07:10',NULL),(100,'000498',NULL,NULL,NULL,1,1,3,209.00,1,'2013-08-23 04:07:18',NULL),(101,'000499',NULL,NULL,NULL,1,1,3,209.00,1,'2013-08-23 04:08:05',NULL),(102,'000500',NULL,NULL,NULL,1,1,3,209.00,1,'2013-08-23 04:08:11',NULL),(103,'000501',NULL,NULL,NULL,1,1,3,209.00,1,'2013-08-23 04:08:32',NULL),(104,'000502',NULL,NULL,NULL,1,1,3,209.00,1,'2013-08-23 04:09:08',NULL),(105,'000503',NULL,NULL,NULL,1,1,3,209.00,1,'2013-08-23 04:09:12',NULL),(106,'000504',NULL,NULL,NULL,1,1,3,209.00,1,'2013-08-23 04:10:08',NULL),(107,'000505',NULL,NULL,NULL,1,1,3,209.00,1,'2013-08-23 04:10:25',NULL),(108,'000506',NULL,NULL,NULL,1,1,3,209.00,1,'2013-08-23 04:10:37',NULL),(109,'000507',NULL,NULL,NULL,1,1,3,209.00,1,'2013-08-23 04:10:59',NULL),(110,'000508',NULL,NULL,NULL,1,1,3,209.00,1,'2013-08-23 04:11:08',NULL),(111,'000509',NULL,NULL,NULL,1,1,3,209.00,1,'2013-08-23 04:11:25',NULL),(112,'000510',NULL,NULL,NULL,1,1,3,209.00,1,'2013-08-23 04:14:42',NULL),(113,'000511',NULL,NULL,NULL,1,1,3,209.00,1,'2013-08-23 04:14:53',NULL),(114,'000512',NULL,NULL,NULL,1,1,3,209.00,1,'2013-08-23 04:15:04',NULL),(115,'000513',NULL,NULL,NULL,1,1,3,209.00,1,'2013-08-23 04:15:18',NULL),(116,'000514',2,NULL,2,2,1,1,209.00,1,'2013-08-23 04:16:15',NULL),(117,'000515',2,NULL,2,2,1,1,209.00,1,'2013-08-23 04:16:40',NULL),(118,'000516',NULL,NULL,NULL,1,1,3,209.00,1,'2013-08-23 04:16:44',NULL),(119,'000517',NULL,NULL,NULL,1,1,3,209.00,1,'2013-08-23 04:17:12',NULL),(120,'000518',NULL,NULL,NULL,1,1,3,209.00,1,'2013-08-23 04:19:10',NULL),(121,'000519',NULL,NULL,NULL,1,1,3,209.00,1,'2013-08-23 04:19:15',NULL),(122,'000520',NULL,NULL,NULL,1,1,3,209.00,1,'2013-08-23 04:19:59',NULL),(123,'000521',NULL,NULL,NULL,1,1,3,209.00,1,'2013-08-23 04:20:10',NULL),(124,'000522',NULL,NULL,NULL,1,1,3,209.00,1,'2013-08-23 04:20:11',NULL),(125,'000523',NULL,NULL,NULL,1,1,3,209.00,1,'2013-08-23 04:20:39',NULL),(126,'000524',NULL,NULL,NULL,1,1,3,209.00,1,'2013-08-23 04:22:01',NULL),(127,'000525',2,NULL,2,2,1,1,209.00,1,'2013-08-23 04:22:06',NULL),(128,'000526',2,NULL,2,2,1,1,209.00,1,'2013-08-23 04:22:19',NULL),(129,'000527',2,NULL,2,2,1,1,209.00,1,'2013-08-23 04:24:33',NULL),(130,'000528',NULL,NULL,NULL,1,1,3,209.00,1,'2013-08-23 04:24:39',NULL),(131,'000529',NULL,NULL,NULL,1,2,3,167.20,1,'2013-08-23 04:25:13',NULL),(132,'000530',NULL,NULL,NULL,1,2,3,167.20,1,'2013-08-23 04:25:13',NULL),(133,'000531',NULL,NULL,NULL,1,2,3,167.20,1,'2013-08-23 04:25:13',NULL),(134,'000532',NULL,NULL,NULL,1,2,3,167.20,1,'2013-08-23 04:25:14',NULL),(135,'000533',NULL,NULL,NULL,1,2,3,167.20,1,'2013-08-23 04:25:14',NULL),(136,'000534',NULL,NULL,NULL,1,2,3,167.20,1,'2013-08-23 04:25:14',NULL),(137,'000535',NULL,NULL,NULL,1,2,3,167.20,1,'2013-08-23 04:25:14',NULL),(138,'000536',NULL,NULL,NULL,1,2,3,167.20,1,'2013-08-23 04:25:14',NULL),(139,'000537',NULL,NULL,NULL,1,2,3,167.20,1,'2013-08-23 04:25:14',NULL),(140,'000538',NULL,NULL,NULL,1,2,3,167.20,1,'2013-08-23 04:25:14',NULL),(141,'000539',1,NULL,2,1,1,2,209.00,1,'2013-08-23 04:27:02',NULL),(142,'000540',2,NULL,2,2,1,1,209.00,1,'2013-08-23 04:27:04',NULL),(143,'000541',2,NULL,2,2,1,1,209.00,1,'2013-08-23 04:29:43',NULL),(144,'000542',2,NULL,2,2,1,1,209.00,1,'2013-08-23 04:30:42',NULL),(145,'000543',NULL,NULL,NULL,1,1,3,209.00,1,'2013-08-23 04:31:25',NULL),(146,'000544',NULL,NULL,NULL,1,1,3,209.00,1,'2013-08-23 04:31:47',NULL),(147,'000545',2,NULL,2,2,1,1,209.00,1,'2013-08-23 04:31:51',NULL),(148,'000546',2,NULL,2,2,1,1,209.00,1,'2013-08-23 04:32:17',NULL),(149,'000547',2,NULL,2,2,1,1,209.00,1,'2013-08-23 04:33:26',NULL),(150,'000548',2,NULL,2,2,1,1,209.00,1,'2013-08-23 04:34:07',NULL),(151,'000549',NULL,NULL,NULL,1,1,3,209.00,1,'2013-08-23 04:34:14',NULL),(152,'000550',2,NULL,2,2,1,1,209.00,1,'2013-08-23 04:35:03',NULL),(153,'000551',NULL,NULL,NULL,1,1,3,209.00,1,'2013-08-23 04:35:06',NULL),(154,'000552',1,NULL,2,1,1,2,209.00,1,'2013-08-23 07:40:03',NULL),(155,'000553',2,NULL,2,2,1,1,209.00,1,'2013-08-23 07:40:15',NULL),(156,'000554',2,NULL,2,2,1,1,209.00,1,'2013-08-23 07:40:15',NULL),(157,'000555',2,NULL,2,2,1,1,209.00,1,'2013-08-23 07:40:15',NULL),(158,'000556',2,NULL,2,2,1,1,209.00,1,'2013-08-23 07:40:15',NULL),(159,'000557',2,NULL,2,2,1,1,209.00,1,'2013-08-23 07:40:16',NULL),(160,'000558',2,NULL,2,2,1,1,209.00,1,'2013-08-23 07:40:16',NULL),(161,'000559',2,NULL,2,2,1,1,209.00,1,'2013-08-23 07:40:16',NULL),(162,'000560',2,NULL,2,2,1,1,209.00,1,'2013-08-23 07:40:16',NULL),(163,'000561',2,NULL,2,2,1,1,209.00,1,'2013-08-23 07:40:16',NULL),(164,'000562',2,NULL,2,2,1,1,209.00,1,'2013-08-23 07:40:16',NULL),(165,'000563',2,NULL,2,2,1,1,209.00,1,'2013-08-23 07:40:16',NULL),(166,'000564',2,NULL,2,2,1,1,209.00,1,'2013-08-23 07:40:16',NULL),(167,'000565',2,NULL,2,2,1,1,209.00,1,'2013-08-23 07:40:16',NULL),(168,'000566',2,NULL,2,2,1,1,209.00,1,'2013-08-23 07:40:17',NULL),(169,'000567',2,NULL,2,2,1,1,209.00,1,'2013-08-23 07:40:17',NULL),(170,'000568',2,NULL,2,2,1,1,209.00,1,'2013-08-23 07:40:17',NULL),(171,'000569',2,NULL,2,2,1,1,209.00,1,'2013-08-23 07:40:17',NULL),(172,'000570',2,NULL,2,2,1,1,209.00,1,'2013-08-23 07:40:17',NULL),(173,'000571',2,NULL,2,2,1,1,209.00,1,'2013-08-23 07:40:17',NULL),(174,'000572',2,NULL,2,2,1,1,209.00,1,'2013-08-23 07:40:17',NULL),(175,'000573',2,NULL,2,2,1,1,209.00,1,'2013-08-23 07:40:17',NULL),(176,'000574',2,NULL,2,2,1,1,209.00,1,'2013-08-23 07:40:17',NULL),(177,'000575',2,NULL,2,2,1,1,209.00,1,'2013-08-23 07:40:17',NULL),(178,'000576',2,NULL,2,2,1,1,209.00,1,'2013-08-23 07:40:17',NULL),(179,'000577',2,NULL,2,2,1,1,209.00,1,'2013-08-23 07:40:18',NULL),(180,'000578',2,NULL,2,2,1,1,209.00,1,'2013-08-23 07:40:18',NULL),(181,'000579',2,NULL,2,2,1,1,209.00,1,'2013-08-23 07:40:18',NULL),(182,'000580',2,NULL,2,2,1,1,209.00,1,'2013-08-23 07:40:18',NULL),(183,'000581',2,NULL,2,2,1,1,209.00,1,'2013-08-23 07:40:18',NULL),(184,'000582',2,NULL,2,2,1,1,209.00,1,'2013-08-23 07:40:18',NULL),(185,'000583',2,NULL,2,2,1,1,209.00,1,'2013-08-23 07:40:18',NULL),(186,'000584',2,NULL,2,2,1,1,209.00,1,'2013-08-23 07:40:18',NULL),(187,'000585',2,NULL,2,2,1,1,209.00,1,'2013-08-23 07:40:19',NULL),(188,'000586',2,NULL,2,2,1,1,209.00,1,'2013-08-23 07:40:19',NULL),(189,'000587',2,NULL,2,2,1,1,209.00,1,'2013-08-23 07:40:19',NULL),(190,'000588',2,NULL,2,2,1,1,209.00,1,'2013-08-23 07:40:19',NULL),(191,'000589',2,NULL,2,2,1,1,209.00,1,'2013-08-23 07:40:19',NULL),(192,'000590',2,NULL,2,2,1,1,209.00,1,'2013-08-23 07:40:19',NULL),(193,'000591',2,NULL,2,2,1,1,209.00,1,'2013-08-23 07:40:19',NULL),(194,'000592',2,NULL,2,2,1,1,209.00,1,'2013-08-23 07:40:19',NULL),(195,'000593',2,NULL,2,2,1,1,209.00,1,'2013-08-23 07:40:19',NULL),(196,'000594',2,NULL,2,2,1,1,209.00,1,'2013-08-23 07:40:20',NULL),(197,'000595',2,NULL,2,2,1,1,209.00,1,'2013-08-23 07:40:20',NULL),(198,'000596',2,NULL,2,2,1,1,209.00,1,'2013-08-23 07:40:20',NULL),(199,'000597',2,NULL,2,2,1,1,209.00,1,'2013-08-23 07:40:20',NULL),(200,'000598',2,NULL,2,2,1,1,209.00,1,'2013-08-23 07:40:20',NULL),(201,'000599',2,NULL,2,2,1,1,209.00,1,'2013-08-23 07:40:20',NULL),(202,'000600',2,NULL,2,2,1,1,209.00,1,'2013-08-23 07:40:20',NULL),(203,'000601',2,NULL,2,2,1,1,209.00,1,'2013-08-23 07:40:20',NULL),(204,'000602',2,NULL,2,2,1,1,209.00,1,'2013-08-23 07:40:20',NULL),(205,'000603',2,NULL,2,2,1,1,209.00,1,'2013-08-23 07:40:21',NULL),(206,'000604',2,NULL,2,2,1,1,209.00,1,'2013-08-23 07:40:21',NULL),(207,'000605',2,NULL,2,2,1,1,209.00,1,'2013-08-23 07:40:21',NULL),(208,'000606',2,NULL,2,2,1,1,209.00,1,'2013-08-23 07:40:21',NULL),(209,'000607',2,NULL,2,2,1,1,209.00,1,'2013-08-23 07:40:21',NULL),(210,'000608',2,NULL,2,2,1,1,209.00,1,'2013-08-23 07:40:21',NULL),(211,'000609',2,NULL,2,2,1,1,209.00,1,'2013-08-23 07:40:21',NULL),(212,'000610',2,NULL,2,2,1,1,209.00,1,'2013-08-23 07:40:21',NULL),(213,'000611',2,NULL,2,2,1,1,209.00,1,'2013-08-23 07:40:21',NULL),(214,'000612',2,NULL,2,2,1,1,209.00,1,'2013-08-23 07:40:21',NULL),(215,'000613',2,NULL,2,2,1,1,209.00,1,'2013-08-23 07:40:22',NULL),(216,'000614',2,NULL,2,2,1,1,209.00,1,'2013-08-23 07:40:22',NULL),(217,'000615',2,NULL,2,2,1,1,209.00,1,'2013-08-23 07:40:22',NULL),(218,'000616',2,NULL,2,2,1,1,209.00,1,'2013-08-23 07:40:22',NULL),(219,'000617',3,NULL,1,2,1,2,209.00,1,'2013-08-23 07:40:25',NULL),(220,'000618',3,NULL,1,1,1,3,209.00,1,'2013-08-23 07:40:35',NULL),(221,'000619',NULL,NULL,NULL,1,1,3,209.00,1,'2013-08-27 18:42:58',NULL);
/*!40000 ALTER TABLE `tickets` ENABLE KEYS */;
UNLOCK TABLES;

--
-- Table structure for table `users`
--

DROP TABLE IF EXISTS `users`;
/*!40101 SET @saved_cs_client     = @@character_set_client */;
/*!40101 SET character_set_client = utf8 */;
CREATE TABLE `users` (
  `id` int(11) NOT NULL AUTO_INCREMENT,
  `username` varchar(20) NOT NULL,
  `password` varchar(128) NOT NULL,
  `email` varchar(128) NOT NULL,
  `activkey` varchar(128) NOT NULL DEFAULT '',
  `create_at` timestamp NOT NULL DEFAULT CURRENT_TIMESTAMP,
  `lastvisit_at` timestamp NOT NULL DEFAULT '0000-00-00 00:00:00',
  `superuser` int(1) NOT NULL DEFAULT '0',
  `status` int(1) NOT NULL DEFAULT '0',
  PRIMARY KEY (`id`),
  UNIQUE KEY `username` (`username`),
  UNIQUE KEY `email` (`email`),
  KEY `status` (`status`),
  KEY `superuser` (`superuser`)
) ENGINE=InnoDB AUTO_INCREMENT=3 DEFAULT CHARSET=utf8;
/*!40101 SET character_set_client = @saved_cs_client */;

--
-- Dumping data for table `users`
--

LOCK TABLES `users` WRITE;
/*!40000 ALTER TABLE `users` DISABLE KEYS */;
INSERT INTO `users` VALUES (1,'admin','21232f297a57a5a743894a0e4a801fc3','webmaster@example.com','9a24eff8c15a6a141ece27eb6947da0f','2013-08-27 08:35:46','2013-08-28 02:19:03',1,1),(2,'demo','fe01ce2a7fbac8fafaed7c982a04e229','demo@example.com','099f825543f7850cc038b90aaff39fac','2013-08-27 08:35:46','0000-00-00 00:00:00',0,1);
/*!40000 ALTER TABLE `users` ENABLE KEYS */;
UNLOCK TABLES;
/*!40103 SET TIME_ZONE=@OLD_TIME_ZONE */;

/*!40101 SET SQL_MODE=@OLD_SQL_MODE */;
/*!40014 SET FOREIGN_KEY_CHECKS=@OLD_FOREIGN_KEY_CHECKS */;
/*!40014 SET UNIQUE_CHECKS=@OLD_UNIQUE_CHECKS */;
/*!40101 SET CHARACTER_SET_CLIENT=@OLD_CHARACTER_SET_CLIENT */;
/*!40101 SET CHARACTER_SET_RESULTS=@OLD_CHARACTER_SET_RESULTS */;
/*!40101 SET COLLATION_CONNECTION=@OLD_COLLATION_CONNECTION */;
/*!40111 SET SQL_NOTES=@OLD_SQL_NOTES */;

-- Dump completed on 2013-08-28 11:35:33
